movie_id,title,release_year,rating_count,average_rating,rating_stddev,volume_vs_variability,volume_vs_average,average_vs_variability
356,Forrest Gump (1994),1994,329,4.16,0.83,-0.058,0.303,-0.423
318,"Shawshank Redemption, The (1994)",1994,317,4.43,0.71,-0.058,0.303,-0.423
296,Pulp Fiction (1994),1994,307,4.20,0.95,-0.058,0.303,-0.423
593,"Silence of the Lambs, The (1991)",1991,279,4.16,0.85,-0.058,0.303,-0.423
2571,"Matrix, The (1999)",1999,278,4.19,0.98,-0.058,0.303,-0.423
260,Star Wars: Episode IV - A New Hope (1977),1977,251,4.23,0.87,-0.058,0.303,-0.423
480,Jurassic Park (1993),1993,238,3.75,0.86,-0.058,0.303,-0.423
110,Braveheart (1995),1995,237,4.03,0.97,-0.058,0.303,-0.423
589,Terminator 2: Judgment Day (1991),1991,224,3.97,0.93,-0.058,0.303,-0.423
527,Schindler's List (1993),1993,220,4.23,0.98,-0.058,0.303,-0.423
2959,Fight Club (1999),1999,218,4.27,0.86,-0.058,0.303,-0.423
1,Toy Story (1995),1995,215,3.92,0.83,-0.058,0.303,-0.423
1196,Star Wars: Episode V - The Empire Strikes Back (1980),1980,211,4.22,0.84,-0.058,0.303,-0.423
2858,American Beauty (1999),1999,204,4.06,0.97,-0.058,0.303,-0.423
50,"Usual Suspects, The (1995)",1995,204,4.24,0.80,-0.058,0.303,-0.423
47,Seven (a.k.a. Se7en) (1995),1995,203,3.98,0.92,-0.058,0.303,-0.423
780,Independence Day (a.k.a. ID4) (1996),1996,202,3.45,1.00,-0.058,0.303,-0.423
150,Apollo 13 (1995),1995,201,3.85,0.88,-0.058,0.303,-0.423
1198,Raiders of the Lost Ark (Indiana Jones and the Raiders of the Lost Ark) (1981),1981,200,4.21,0.79,-0.058,0.303,-0.423
4993,"Lord of the Rings: The Fellowship of the Ring, The (2001)",2001,198,4.11,0.94,-0.058,0.303,-0.423
1210,Star Wars: Episode VI - Return of the Jedi (1983),1983,196,4.14,0.87,-0.058,0.303,-0.423
858,"Godfather, The (1972)",1972,192,4.29,0.90,-0.058,0.303,-0.423
457,"Fugitive, The (1993)",1993,190,3.99,0.79,-0.058,0.303,-0.423
592,Batman (1989),1989,189,3.43,0.77,-0.058,0.303,-0.423
5952,"Lord of the Rings: The Two Towers, The (2002)",2002,188,4.02,0.89,-0.058,0.303,-0.423
2028,Saving Private Ryan (1998),1998,188,4.15,0.81,-0.058,0.303,-0.423
7153,"Lord of the Rings: The Return of the King, The (2003)",2003,185,4.12,0.85,-0.058,0.303,-0.423
588,Aladdin (1992),1992,183,3.79,0.88,-0.058,0.303,-0.423
608,Fargo (1996),1996,181,4.12,0.83,-0.058,0.303,-0.423
2762,"Sixth Sense, The (1999)",1999,179,3.89,0.96,-0.058,0.303,-0.423
380,True Lies (1994),1994,178,3.50,0.91,-0.058,0.303,-0.423
32,Twelve Monkeys (a.k.a. 12 Monkeys) (1995),1995,177,3.98,0.79,-0.058,0.303,-0.423
364,"Lion King, The (1994)",1994,172,3.94,0.84,-0.058,0.303,-0.423
1270,Back to the Future (1985),1985,171,4.04,0.87,-0.058,0.303,-0.423
377,Speed (1994),1994,171,3.53,0.93,-0.058,0.303,-0.423
3578,Gladiator (2000),2000,170,3.94,0.99,-0.058,0.303,-0.423
4306,Shrek (2001),2001,170,3.87,0.92,-0.058,0.303,-0.423
1580,Men in Black (a.k.a. MIB) (1997),1997,165,3.49,0.92,-0.058,0.303,-0.423
590,Dances with Wolves (1990),1990,164,3.84,0.86,-0.058,0.303,-0.423
648,Mission: Impossible (1996),1996,162,3.54,0.90,-0.058,0.303,-0.423
344,Ace Ventura: Pet Detective (1994),1994,161,3.04,1.07,-0.058,0.303,-0.423
4226,Memento (2000),2000,159,4.12,0.90,-0.058,0.303,-0.423
367,"Mask, The (1994)",1994,157,3.18,1.00,-0.058,0.303,-0.423
58559,"Dark Knight, The (2008)",2008,149,4.24,0.72,-0.058,0.303,-0.423
6539,Pirates of the Caribbean: The Curse of the Black Pearl (2003),2003,149,3.78,0.83,-0.058,0.303,-0.423
1214,Alien (1979),1979,146,3.97,0.94,-0.058,0.303,-0.423
595,Beauty and the Beast (1991),1991,146,3.77,0.84,-0.058,0.303,-0.423
1036,Die Hard (1988),1988,145,3.86,0.91,-0.058,0.303,-0.423
165,Die Hard: With a Vengeance (1995),1995,144,3.56,0.92,-0.058,0.303,-0.423
500,Mrs. Doubtfire (1993),1993,144,3.39,0.90,-0.058,0.303,-0.423
1265,Groundhog Day (1993),1993,143,3.94,0.85,-0.058,0.303,-0.423
79132,Inception (2010),2010,143,4.07,0.96,-0.058,0.303,-0.423
1197,"Princess Bride, The (1987)",1987,142,4.23,0.81,-0.058,0.303,-0.423
6377,Finding Nemo (2003),2003,141,3.96,0.77,-0.058,0.303,-0.423
1704,Good Will Hunting (1997),1997,141,4.08,0.78,-0.058,0.303,-0.423
1291,Indiana Jones and the Last Crusade (1989),1989,140,4.05,0.78,-0.058,0.303,-0.423
2628,Star Wars: Episode I - The Phantom Menace (1999),1999,140,3.11,1.12,-0.058,0.303,-0.423
316,Stargate (1994),1994,140,3.38,0.84,-0.058,0.303,-0.423
1721,Titanic (1997),1997,140,3.41,1.05,-0.058,0.303,-0.423
153,Batman Forever (1995),1995,137,2.92,0.90,-0.058,0.303,-0.423
1136,Monty Python and the Holy Grail (1975),1975,136,4.16,0.91,-0.058,0.303,-0.423
597,Pretty Woman (1990),1990,135,3.49,0.85,-0.058,0.303,-0.423
231,Dumb & Dumber (Dumb and Dumber) (1994),1994,133,3.06,1.12,-0.058,0.303,-0.423
293,Léon: The Professional (a.k.a. The Professional) (Léon) (1994),1994,133,4.02,0.86,-0.058,0.303,-0.423
1193,One Flew Over the Cuckoo's Nest (1975),1975,133,4.20,0.76,-0.058,0.303,-0.423
3793,X-Men (2000),2000,133,3.70,0.86,-0.058,0.303,-0.423
10,GoldenEye (1995),1995,132,3.50,0.86,-0.058,0.303,-0.423
4886,"Monsters, Inc. (2001)",2001,132,3.87,0.77,-0.058,0.303,-0.423
7361,Eternal Sunshine of the Spotless Mind (2004),2004,131,4.16,0.78,-0.058,0.303,-0.423
6874,Kill Bill: Vol. 1 (2003),2003,131,3.96,0.84,-0.058,0.303,-0.423
1089,Reservoir Dogs (1992),1992,131,4.20,0.79,-0.058,0.303,-0.423
1240,"Terminator, The (1984)",1984,131,3.90,0.85,-0.058,0.303,-0.423
2329,American History X (1998),1998,129,4.22,0.64,-0.058,0.303,-0.423
1221,"Godfather: Part II, The (1974)",1974,129,4.26,0.80,-0.058,0.303,-0.423
34,Babe (1995),1995,128,3.65,1.04,-0.058,0.303,-0.423
1200,Aliens (1986),1986,126,3.96,1.01,-0.058,0.303,-0.423
1213,Goodfellas (1990),1990,126,4.25,0.68,-0.058,0.303,-0.423
8961,"Incredibles, The (2004)",2004,125,3.84,0.76,-0.058,0.303,-0.423
1682,"Truman Show, The (1998)",1998,125,3.81,0.83,-0.058,0.303,-0.423
541,Blade Runner (1982),1982,124,4.10,0.95,-0.058,0.303,-0.423
4995,"Beautiful Mind, A (2001)",2001,123,4.00,0.77,-0.058,0.303,-0.423
736,Twister (1996),1996,123,3.32,1.05,-0.058,0.303,-0.423
1097,E.T. the Extra-Terrestrial (1982),1982,122,3.77,1.07,-0.058,0.303,-0.423
5349,Spider-Man (2002),2002,122,3.54,0.95,-0.058,0.303,-0.423
2683,Austin Powers: The Spy Who Shagged Me (1999),1999,121,3.20,1.22,-0.058,0.303,-0.423
733,"Rock, The (1996)",1996,121,3.64,0.91,-0.058,0.303,-0.423
4973,"Amelie (Fabuleux destin d'Amélie Poulain, Le) (2001)",2001,120,4.18,0.89,-0.058,0.303,-0.423
1206,"Clockwork Orange, A (1971)",1971,120,4.00,1.01,-0.058,0.303,-0.423
2716,Ghostbusters (a.k.a. Ghost Busters) (1984),1984,120,3.78,0.86,-0.058,0.303,-0.423
5445,Minority Report (2002),2002,120,3.64,0.90,-0.058,0.303,-0.423
4963,Ocean's Eleven (2001),2001,119,3.84,0.79,-0.058,0.303,-0.423
1073,Willy Wonka & the Chocolate Factory (1971),1971,119,3.87,0.92,-0.058,0.303,-0.423
33794,Batman Begins (2005),2005,116,3.86,0.83,-0.058,0.303,-0.423
1527,"Fifth Element, The (1997)",1997,116,3.75,0.90,-0.058,0.303,-0.423
586,Home Alone (1990),1990,116,3.00,0.99,-0.058,0.303,-0.423
5989,Catch Me If You Can (2002),2002,115,3.92,0.76,-0.058,0.303,-0.423
587,Ghost (1990),1990,115,3.43,0.94,-0.058,0.303,-0.423
208,Waterworld (1995),1995,115,2.91,0.96,-0.058,0.303,-0.423
1968,"Breakfast Club, The (1985)",1985,113,3.78,0.89,-0.058,0.303,-0.423
5418,"Bourne Identity, The (2002)",2002,112,3.82,0.89,-0.058,0.303,-0.423
185,"Net, The (1995)",1995,112,3.04,1.04,-0.058,0.303,-0.423
3147,"Green Mile, The (1999)",1999,111,4.15,0.73,-0.058,0.303,-0.423
349,Clear and Present Danger (1994),1994,110,3.60,0.78,-0.058,0.303,-0.423
3996,"Crouching Tiger, Hidden Dragon (Wo hu cang long) (2000)",2000,110,3.84,1.03,-0.058,0.303,-0.423
2,Jumanji (1995),1995,110,3.43,0.88,-0.058,0.303,-0.423
7438,Kill Bill: Vol. 2 (2004),2004,110,3.87,0.93,-0.058,0.303,-0.423
924,2001: A Space Odyssey (1968),1968,109,3.89,1.10,-0.058,0.303,-0.423
4878,Donnie Darko (2001),2001,109,3.98,0.96,-0.058,0.303,-0.423
2918,Ferris Bueller's Day Off (1986),1986,109,3.84,0.83,-0.058,0.303,-0.423
253,Interview with the Vampire: The Vampire Chronicles (1994),1994,109,3.46,1.02,-0.058,0.303,-0.423
1258,"Shining, The (1980)",1980,109,4.08,0.76,-0.058,0.303,-0.423
2115,Indiana Jones and the Temple of Doom (1984),1984,108,3.64,0.85,-0.058,0.303,-0.423
329,Star Trek: Generations (1994),1994,108,3.39,0.81,-0.058,0.303,-0.423
1208,Apocalypse Now (1979),1979,107,4.22,0.83,-0.058,0.303,-0.423
48516,"Departed, The (2006)",2006,107,4.25,0.69,-0.058,0.303,-0.423
4896,Harry Potter and the Sorcerer's Stone (a.k.a. Harry Potter and the Philosopher's Stone) (2001),2001,107,3.76,0.82,-0.058,0.303,-0.423
1732,"Big Lebowski, The (1998)",1998,106,3.92,1.14,-0.058,0.303,-0.423
539,Sleepless in Seattle (1993),1993,106,3.47,0.84,-0.058,0.303,-0.423
1923,There's Something About Mary (1998),1998,105,3.68,0.87,-0.058,0.303,-0.423
68954,Up (2009),2009,105,4.00,0.82,-0.058,0.303,-0.423
223,Clerks (1994),1994,104,3.86,0.95,-0.058,0.303,-0.423
39,Clueless (1995),1995,104,3.29,1.04,-0.058,0.303,-0.423
111,Taxi Driver (1976),1976,104,4.11,0.82,-0.058,0.303,-0.423
60069,WALL·E (2008),2008,104,4.06,0.86,-0.058,0.303,-0.423
2706,American Pie (1999),1999,103,3.38,1.04,-0.058,0.303,-0.423
161,Crimson Tide (1995),1995,103,3.64,0.88,-0.058,0.303,-0.423
357,Four Weddings and a Funeral (1994),1994,103,3.52,1.11,-0.058,0.303,-0.423
1222,Full Metal Jacket (1987),1987,102,4.10,0.81,-0.058,0.303,-0.423
5816,Harry Potter and the Chamber of Secrets (2002),2002,102,3.60,0.93,-0.058,0.303,-0.423
6,Heat (1995),1995,102,3.95,0.82,-0.058,0.303,-0.423
778,Trainspotting (1996),1996,102,4.04,0.83,-0.058,0.303,-0.423
434,Cliffhanger (1993),1993,101,3.03,0.90,-0.058,0.303,-0.423
454,"Firm, The (1993)",1993,101,3.53,0.83,-0.058,0.303,-0.423
292,Outbreak (1995),1995,101,3.43,0.90,-0.058,0.303,-0.423
1517,Austin Powers: International Man of Mystery (1997),1997,100,3.54,0.89,-0.058,0.303,-0.423
912,Casablanca (1942),1942,100,4.24,0.90,-0.058,0.303,-0.423
4022,Cast Away (2000),2000,100,3.70,0.77,-0.058,0.303,-0.423
44191,V for Vendetta (2006),2006,100,3.89,0.79,-0.058,0.303,-0.423
2997,Being John Malkovich (1999),1999,99,3.95,0.90,-0.058,0.303,-0.423
104,Happy Gilmore (1996),1996,99,3.44,0.99,-0.058,0.303,-0.423
339,While You Were Sleeping (1995),1995,98,3.47,0.88,-0.058,0.303,-0.423
72998,Avatar (2009),2009,97,3.60,1.07,-0.058,0.303,-0.423
750,Dr. Strangelove or: How I Learned to Stop Worrying and Love the Bomb (1964),1964,97,4.27,0.81,-0.058,0.303,-0.423
1617,L.A. Confidential (1997),1997,97,4.06,0.83,-0.058,0.303,-0.423
3114,Toy Story 2 (1999),1999,97,3.86,0.83,-0.058,0.303,-0.423
2987,Who Framed Roger Rabbit? (1988),1988,97,3.57,0.92,-0.058,0.303,-0.423
1784,As Good as It Gets (1997),1997,96,3.70,0.89,-0.058,0.303,-0.423
6365,"Matrix Reloaded, The (2003)",2003,96,3.35,1.00,-0.058,0.303,-0.423
1961,Rain Man (1988),1988,96,3.81,0.78,-0.058,0.303,-0.423
3949,Requiem for a Dream (2000),2000,96,3.92,1.09,-0.058,0.303,-0.423
59315,Iron Man (2008),2008,94,3.82,0.84,-0.058,0.303,-0.423
4027,"O Brother, Where Art Thou? (2000)",2000,94,3.81,0.94,-0.058,0.303,-0.423
2502,Office Space (1999),1999,94,4.09,0.81,-0.058,0.303,-0.423
8368,Harry Potter and the Prisoner of Azkaban (2004),2004,93,3.91,0.73,-0.058,0.303,-0.423
551,"Nightmare Before Christmas, The (1993)",1993,93,3.55,0.99,-0.058,0.303,-0.423
4011,Snatch (2000),2000,93,4.16,0.79,-0.058,0.303,-0.423
1917,Armageddon (1998),1998,92,3.05,1.11,-0.058,0.303,-0.423
2355,"Bug's Life, A (1998)",1998,92,3.52,0.89,-0.058,0.303,-0.423
288,Natural Born Killers (1994),1994,92,3.23,1.13,-0.058,0.303,-0.423
2396,Shakespeare in Love (1998),1998,92,3.78,1.04,-0.058,0.303,-0.423
8360,Shrek 2 (2004),2004,92,3.58,0.94,-0.058,0.303,-0.423
5378,Star Wars: Episode II - Attack of the Clones (2002),2002,92,3.16,1.13,-0.058,0.303,-0.423
919,"Wizard of Oz, The (1939)",1939,92,3.88,1.03,-0.058,0.303,-0.423
2174,Beetlejuice (1988),1988,91,3.47,0.91,-0.058,0.303,-0.423
2797,Big (1988),1988,91,3.72,0.88,-0.058,0.303,-0.423
1387,Jaws (1975),1975,91,4.01,0.92,-0.058,0.303,-0.423
3948,Meet the Parents (2000),2000,91,3.42,0.93,-0.058,0.303,-0.423
1259,Stand by Me (1986),1986,91,4.01,0.72,-0.058,0.303,-0.423
1356,Star Trek: First Contact (1996),1996,91,3.88,0.99,-0.058,0.303,-0.423
1610,"Hunt for Red October, The (1990)",1990,90,3.87,0.88,-0.058,0.303,-0.423
48780,"Prestige, The (2006)",2006,90,4.01,0.79,-0.058,0.303,-0.423
21,Get Shorty (1995),1995,89,3.49,0.87,-0.058,0.303,-0.423
1080,Monty Python's Life of Brian (1979),1979,89,3.93,1.07,-0.058,0.303,-0.423
19,Ace Ventura: When Nature Calls (1995),1995,88,2.73,1.06,-0.058,0.303,-0.423
2012,Back to the Future Part III (1990),1990,88,3.37,0.92,-0.058,0.303,-0.423
68157,Inglourious Basterds (2009),2009,88,4.14,0.82,-0.058,0.303,-0.423
2324,Life Is Beautiful (La Vita è bella) (1997),1997,88,4.15,1.04,-0.058,0.303,-0.423
2916,Total Recall (1990),1990,88,3.65,0.80,-0.058,0.303,-0.423
2791,Airplane! (1980),1980,87,3.86,0.96,-0.058,0.303,-0.423
2011,Back to the Future Part II (1989),1989,87,3.51,1.03,-0.058,0.303,-0.423
2617,"Mummy, The (1999)",1999,87,3.12,1.14,-0.058,0.303,-0.423
5618,Spirited Away (Sen to Chihiro no kamikakushi) (2001),2001,87,4.16,0.80,-0.058,0.303,-0.423
141,"Birdcage, The (1996)",1996,86,3.49,0.84,-0.058,0.303,-0.423
1246,Dead Poets Society (1989),1989,86,3.96,0.94,-0.058,0.303,-0.423
1653,Gattaca (1997),1997,86,3.95,0.81,-0.058,0.303,-0.423
1391,Mars Attacks! (1996),1996,86,3.09,1.18,-0.058,0.303,-0.423
5218,Ice Age (2002),2002,85,3.69,0.73,-0.058,0.303,-0.423
1393,Jerry Maguire (1996),1996,85,3.59,0.91,-0.058,0.303,-0.423
1307,When Harry Met Sally... (1989),1989,85,3.86,0.82,-0.058,0.303,-0.423
410,Addams Family Values (1993),1993,84,3.10,0.75,-0.058,0.303,-0.423
1220,"Blues Brothers, The (1980)",1980,84,3.81,0.91,-0.058,0.303,-0.423
95,Broken Arrow (1996),1996,84,3.02,1.01,-0.058,0.303,-0.423
904,Rear Window (1954),1954,84,4.26,0.79,-0.058,0.303,-0.423
32587,Sin City (2005),2005,84,3.86,0.86,-0.058,0.303,-0.423
3897,Almost Famous (2000),2000,83,3.87,0.77,-0.058,0.303,-0.423
1219,Psycho (1960),1960,83,4.04,0.85,-0.058,0.303,-0.423
1101,Top Gun (1986),1986,83,3.30,1.11,-0.058,0.303,-0.423
16,Casino (1995),1995,82,3.93,0.89,-0.058,0.303,-0.423
1584,Contact (1997),1997,82,3.65,1.02,-0.058,0.303,-0.423
788,"Nutty Professor, The (1996)",1996,82,2.73,1.17,-0.058,0.303,-0.423
54286,"Bourne Ultimatum, The (2007)",2007,81,3.70,0.96,-0.058,0.303,-0.423
49272,Casino Royale (2006),2006,81,3.94,0.81,-0.058,0.303,-0.423
442,Demolition Man (1993),1993,81,3.09,0.99,-0.058,0.303,-0.423
48394,"Pan's Labyrinth (Laberinto del fauno, El) (2006)",2006,81,3.81,0.93,-0.058,0.303,-0.423
300,Quiz Show (1994),1994,81,3.52,0.85,-0.058,0.303,-0.423
317,"Santa Clause, The (1994)",1994,81,3.20,1.06,-0.058,0.303,-0.423
51662,300 (2007),2007,80,3.68,0.93,-0.058,0.303,-0.423
2291,Edward Scissorhands (1990),1990,80,3.70,0.63,-0.058,0.303,-0.423
62,Mr. Holland's Opus (1995),1995,80,3.71,1.05,-0.058,0.303,-0.423
1676,Starship Troopers (1997),1997,80,3.33,1.09,-0.058,0.303,-0.423
3052,Dogma (1999),1999,79,3.65,0.98,-0.058,0.303,-0.423
1247,"Graduate, The (1967)",1967,79,4.06,0.91,-0.058,0.303,-0.423
6934,"Matrix Revolutions, The (2003)",2003,79,3.15,1.14,-0.058,0.303,-0.423
8636,Spider-Man 2 (2004),2004,79,3.80,0.83,-0.058,0.303,-0.423
3751,Chicken Run (2000),2000,78,3.55,0.85,-0.058,0.303,-0.423
33493,Star Wars: Episode III - Revenge of the Sith (2005),2005,78,3.43,1.08,-0.058,0.303,-0.423
1573,Face/Off (1997),1997,77,3.37,1.04,-0.058,0.303,-0.423
1625,"Game, The (1997)",1997,77,3.70,1.02,-0.058,0.303,-0.423
46578,Little Miss Sunshine (2006),2006,77,3.88,0.84,-0.058,0.303,-0.423
3623,Mission: Impossible II (2000),2000,77,2.71,1.05,-0.058,0.303,-0.423
8874,Shaun of the Dead (2004),2004,77,4.01,0.93,-0.058,0.303,-0.423
594,Snow White and the Seven Dwarfs (1937),1937,77,3.62,0.79,-0.058,0.303,-0.423
337,What's Eating Gilbert Grape (1993),1993,77,3.77,0.94,-0.058,0.303,-0.423
1225,Amadeus (1984),1984,76,4.18,0.75,-0.058,0.303,-0.423
91529,"Dark Knight Rises, The (2012)",2012,76,3.99,0.93,-0.058,0.303,-0.423
440,Dave (1993),1993,76,3.55,0.67,-0.058,0.303,-0.423
69122,"Hangover, The (2009)",2009,76,3.63,1.03,-0.058,0.303,-0.423
25,Leaving Las Vegas (1995),1995,76,3.63,1.12,-0.058,0.303,-0.423
2700,"South Park: Bigger, Longer and Uncut (1999)",1999,76,3.86,1.01,-0.058,0.303,-0.423
6333,X2: X-Men United (2003),2003,76,3.72,0.88,-0.058,0.303,-0.423
8665,"Bourne Supremacy, The (2004)",2004,75,3.79,0.84,-0.058,0.303,-0.423
6016,City of God (Cidade de Deus) (2002),2002,75,4.15,0.77,-0.058,0.303,-0.423
3175,Galaxy Quest (1999),1999,75,3.58,1.04,-0.058,0.303,-0.423
3481,High Fidelity (2000),2000,75,3.67,0.96,-0.058,0.303,-0.423
2000,Lethal Weapon (1987),1987,75,3.67,0.76,-0.058,0.303,-0.423
2692,Run Lola Run (Lola rennt) (1998),1998,75,4.00,0.65,-0.058,0.303,-0.423
35836,"40-Year-Old Virgin, The (2005)",2005,74,3.55,0.93,-0.058,0.303,-0.423
1485,Liar Liar (1997),1997,74,3.03,0.98,-0.058,0.303,-0.423
6711,Lost in Translation (2003),2003,74,4.03,0.79,-0.058,0.303,-0.423
368,Maverick (1994),1994,74,3.50,0.84,-0.058,0.303,-0.423
109487,Interstellar (2014),2014,73,3.99,0.97,-0.058,0.303,-0.423
3994,Unbreakable (2000),2000,73,3.48,1.03,-0.058,0.303,-0.423
3977,Charlie's Angels (2000),2000,72,2.72,1.03,-0.058,0.303,-0.423
1201,"Good, the Bad and the Ugly, The (Buono, il brutto, il cattivo, Il) (1966)",1966,72,4.15,0.87,-0.058,0.303,-0.423
45722,Pirates of the Caribbean: Dead Man's Chest (2006),2006,72,3.51,0.90,-0.058,0.303,-0.423
50872,Ratatouille (2007),2007,72,3.87,0.77,-0.058,0.303,-0.423
6373,Bruce Almighty (2003),2003,71,3.32,0.81,-0.058,0.303,-0.423
99114,Django Unchained (2012),2012,71,3.94,0.91,-0.058,0.303,-0.423
1079,"Fish Called Wanda, A (1988)",1988,71,3.92,0.94,-0.058,0.303,-0.423
40815,Harry Potter and the Goblet of Fire (2005),2005,71,3.82,0.70,-0.058,0.303,-0.423
1028,Mary Poppins (1964),1964,71,3.89,0.86,-0.058,0.303,-0.423
63082,Slumdog Millionaire (2008),2008,71,3.81,1.08,-0.058,0.303,-0.423
11,"American President, The (1995)",1995,70,3.67,0.90,-0.058,0.303,-0.423
235,Ed Wood (1994),1994,70,3.68,0.91,-0.058,0.303,-0.423
3408,Erin Brockovich (2000),2000,70,3.53,0.78,-0.058,0.303,-0.423
474,In the Line of Fire (1993),1993,70,3.69,0.69,-0.058,0.303,-0.423
2985,RoboCop (1987),1987,70,3.37,0.98,-0.058,0.303,-0.423
1407,Scream (1996),1996,70,3.20,1.20,-0.058,0.303,-0.423
4034,Traffic (2000),2000,70,3.90,0.87,-0.058,0.303,-0.423
89745,"Avengers, The (2012)",2012,69,3.87,1.00,-0.058,0.303,-0.423
7147,Big Fish (2003),2003,69,3.83,0.94,-0.058,0.303,-0.423
923,Citizen Kane (1941),1941,69,4.04,0.97,-0.058,0.303,-0.423
520,Robin Hood: Men in Tights (1993),1993,69,3.13,1.07,-0.058,0.303,-0.423
1278,Young Frankenstein (1974),1974,69,3.99,0.89,-0.058,0.303,-0.423
1370,Die Hard 2 (1990),1990,68,3.40,0.84,-0.058,0.303,-0.423
1380,Grease (1978),1978,68,3.14,1.13,-0.058,0.303,-0.423
2054,"Honey, I Shrunk the Kids (1989)",1989,68,2.76,0.89,-0.058,0.303,-0.423
266,Legends of the Fall (1994),1994,68,3.40,0.98,-0.058,0.303,-0.423
3753,"Patriot, The (2000)",2000,68,3.45,1.04,-0.058,0.303,-0.423
48,Pocahontas (1995),1995,68,3.15,1.05,-0.058,0.303,-0.423
4979,"Royal Tenenbaums, The (2001)",2001,68,3.68,1.06,-0.058,0.303,-0.423
36,Dead Man Walking (1995),1995,67,3.84,0.94,-0.058,0.303,-0.423
2353,Enemy of the State (1998),1998,67,3.49,0.89,-0.058,0.303,-0.423
2081,"Little Mermaid, The (1989)",1989,67,3.43,1.07,-0.058,0.303,-0.423
2542,"Lock, Stock & Two Smoking Barrels (1998)",1998,67,4.05,0.88,-0.058,0.303,-0.423
1544,"Lost World: Jurassic Park, The (1997)",1997,67,2.75,0.99,-0.058,0.303,-0.423
4262,Scarface (1983),1983,67,3.93,0.87,-0.058,0.303,-0.423
17,Sense and Sensibility (1995),1995,67,3.78,1.15,-0.058,0.303,-0.423
74458,Shutter Island (2010),2010,67,4.02,0.94,-0.058,0.303,-0.423
163,Desperado (1995),1995,66,3.56,0.99,-0.058,0.303,-0.423
508,Philadelphia (1993),1993,66,3.61,0.89,-0.058,0.303,-0.423
6863,School of Rock (2003),2003,66,3.40,0.78,-0.058,0.303,-0.423
1288,This Is Spinal Tap (1984),1984,66,4.02,0.75,-0.058,0.303,-0.423
5481,Austin Powers in Goldmember (2002),2002,65,2.85,1.05,-0.058,0.303,-0.423
48385,Borat: Cultural Learnings of America for Make Benefit Glorious Nation of Kazakhstan (2006),2006,65,3.35,1.14,-0.058,0.303,-0.423
4246,Bridget Jones's Diary (2001),2001,65,3.62,0.93,-0.058,0.303,-0.423
70286,District 9 (2009),2009,65,3.78,0.99,-0.058,0.303,-0.423
653,Dragonheart (1996),1996,65,3.09,0.85,-0.058,0.303,-0.423
56367,Juno (2007),2007,65,3.77,0.91,-0.058,0.303,-0.423
553,Tombstone (1993),1993,65,3.82,1.01,-0.058,0.303,-0.423
555,True Romance (1993),1993,65,3.80,0.90,-0.058,0.303,-0.423
2194,"Untouchables, The (1987)",1987,65,3.94,0.73,-0.058,0.303,-0.423
2710,"Blair Witch Project, The (1999)",1999,64,2.80,1.37,-0.058,0.303,-0.423
48774,Children of Men (2006),2006,64,3.95,0.86,-0.058,0.303,-0.423
353,"Crow, The (1994)",1994,64,3.61,0.97,-0.058,0.303,-0.423
786,Eraser (1996),1996,64,3.11,1.04,-0.058,0.303,-0.423
4447,Legally Blonde (2001),2001,64,3.16,0.95,-0.058,0.303,-0.423
4025,Miss Congeniality (2000),2000,64,3.05,0.99,-0.058,0.303,-0.423
55820,No Country for Old Men (2007),2007,64,3.90,1.01,-0.058,0.303,-0.423
1954,Rocky (1976),1976,64,3.83,1.02,-0.058,0.303,-0.423
1035,"Sound of Music, The (1965)",1965,64,3.94,1.03,-0.058,0.303,-0.423
1234,"Sting, The (1973)",1973,64,3.98,0.95,-0.058,0.303,-0.423
435,Coneheads (1993),1993,63,2.42,1.07,-0.058,0.303,-0.423
1090,Platoon (1986),1986,63,3.98,0.94,-0.058,0.303,-0.423
2657,"Rocky Horror Picture Show, The (1975)",1975,63,3.34,1.11,-0.058,0.303,-0.423
5502,Signs (2002),2002,63,3.17,0.98,-0.058,0.303,-0.423
1127,"Abyss, The (1989)",1989,62,3.48,0.93,-0.058,0.303,-0.423
3421,Animal House (1978),1978,62,3.69,1.10,-0.058,0.303,-0.423
3671,Blazing Saddles (1974),1974,62,3.94,0.92,-0.058,0.303,-0.423
1304,Butch Cassidy and the Sundance Kid (1969),1969,62,3.94,0.93,-0.058,0.303,-0.423
158,Casper (1995),1995,62,2.81,1.11,-0.058,0.303,-0.423
41566,"Chronicles of Narnia: The Lion, the Witch and the Wardrobe, The (2005)",2005,62,3.44,0.94,-0.058,0.303,-0.423
56174,I Am Legend (2007),2007,62,3.48,0.79,-0.058,0.303,-0.423
173,Judge Dredd (1995),1995,62,2.67,1.03,-0.058,0.303,-0.423
7143,"Last Samurai, The (2003)",2003,62,3.90,0.59,-0.058,0.303,-0.423
3081,Sleepy Hollow (1999),1999,62,3.48,0.91,-0.058,0.303,-0.423
1374,Star Trek II: The Wrath of Khan (1982),1982,62,3.77,1.04,-0.058,0.303,-0.423
30793,Charlie and the Chocolate Factory (2005),2005,61,3.00,0.90,-0.058,0.303,-0.423
3717,Gone in 60 Seconds (2000),2000,61,3.22,0.82,-0.058,0.303,-0.423
51255,Hot Fuzz (2007),2007,61,4.00,0.91,-0.058,0.303,-0.423
8644,"I, Robot (2004)",2004,61,3.49,0.93,-0.058,0.303,-0.423
5459,Men in Black II (a.k.a. MIIB) (a.k.a. MIB 2) (2002),2002,61,2.96,0.81,-0.058,0.303,-0.423
509,"Piano, The (1993)",1993,61,3.54,1.00,-0.058,0.303,-0.423
2321,Pleasantville (1998),1998,61,3.48,1.01,-0.058,0.303,-0.423
3527,Predator (1987),1987,61,3.58,1.03,-0.058,0.303,-0.423
2640,Superman (1978),1978,61,3.61,0.82,-0.058,0.303,-0.423
552,"Three Musketeers, The (1993)",1993,61,3.26,0.85,-0.058,0.303,-0.423
3253,Wayne's World (1992),1992,61,3.48,1.02,-0.058,0.303,-0.423
1377,Batman Returns (1992),1992,60,3.03,0.88,-0.058,0.303,-0.423
3471,Close Encounters of the Third Kind (1977),1977,60,3.74,0.89,-0.058,0.303,-0.423
466,Hot Shots! Part Deux (1993),1993,60,2.87,1.07,-0.058,0.303,-0.423
2006,"Mask of Zorro, The (1998)",1998,60,3.10,1.03,-0.058,0.303,-0.423
5299,My Big Fat Greek Wedding (2002),2002,60,3.27,1.08,-0.058,0.303,-0.423
596,Pinocchio (1940),1940,60,3.45,1.06,-0.058,0.303,-0.423
903,Vertigo (1958),1958,60,4.03,0.96,-0.058,0.303,-0.423
3535,American Psycho (2000),2000,59,3.79,1.03,-0.058,0.303,-0.423
420,Beverly Hills Cop III (1994),1994,59,2.72,0.94,-0.058,0.303,-0.423
1199,Brazil (1985),1985,59,4.18,0.84,-0.058,0.303,-0.423
1252,Chinatown (1974),1974,59,4.21,0.78,-0.058,0.303,-0.423
1552,Con Air (1997),1997,59,3.03,1.02,-0.058,0.303,-0.423
1500,Grosse Pointe Blank (1997),1997,59,3.61,0.97,-0.058,0.303,-0.423
112852,Guardians of the Galaxy (2014),2014,59,4.05,0.84,-0.058,0.303,-0.423
6378,"Italian Job, The (2003)",2003,59,3.62,0.72,-0.058,0.303,-0.423
6942,Love Actually (2003),2003,59,3.79,0.88,-0.058,0.303,-0.423
33679,Mr. & Mrs. Smith (2005),2005,59,3.28,1.00,-0.058,0.303,-0.423
2302,My Cousin Vinny (1992),1992,59,3.26,1.03,-0.058,0.303,-0.423
3033,Spaceballs (1987),1987,59,3.48,0.86,-0.058,0.303,-0.423
68358,Star Trek (2009),2009,59,3.86,0.82,-0.058,0.303,-0.423
6502,28 Days Later (2002),2002,58,3.97,0.78,-0.058,0.303,-0.423
1608,Air Force One (1997),1997,58,3.34,0.72,-0.058,0.303,-0.423
1230,Annie Hall (1977),1977,58,3.87,1.11,-0.058,0.303,-0.423
2167,Blade (1998),1998,58,3.36,0.94,-0.058,0.303,-0.423
5669,Bowling for Columbine (2002),2002,58,3.78,0.77,-0.058,0.303,-0.423
69844,Harry Potter and the Half-Blood Prince (2009),2009,58,3.89,0.81,-0.058,0.303,-0.423
54001,Harry Potter and the Order of the Phoenix (2007),2007,58,3.86,0.89,-0.058,0.303,-0.423
953,It's a Wonderful Life (1946),1946,58,4.03,1.04,-0.058,0.303,-0.423
81845,"King's Speech, The (2010)",2010,58,4.04,0.66,-0.058,0.303,-0.423
370,Naked Gun 33 1/3: The Final Insult (1994),1994,58,3.06,1.02,-0.058,0.303,-0.423
1394,Raising Arizona (1987),1987,58,3.99,0.96,-0.058,0.303,-0.423
73017,Sherlock Holmes (2009),2009,58,3.85,0.77,-0.058,0.303,-0.423
1207,To Kill a Mockingbird (1962),1962,58,4.12,0.87,-0.058,0.303,-0.423
708,"Truth About Cats & Dogs, The (1996)",1996,58,3.39,0.81,-0.058,0.303,-0.423
34162,Wedding Crashers (2005),2005,58,3.51,0.77,-0.058,0.303,-0.423
1203,12 Angry Men (1957),1957,57,4.15,1.01,-0.058,0.303,-0.423
8641,Anchorman: The Legend of Ron Burgundy (2004),2004,57,3.77,0.73,-0.058,0.303,-0.423
350,"Client, The (1994)",1994,57,3.39,0.86,-0.058,0.303,-0.423
160,Congo (1995),1995,57,2.88,1.03,-0.058,0.303,-0.423
1276,Cool Hand Luke (1967),1967,57,4.27,0.62,-0.058,0.303,-0.423
2470,Crocodile Dundee (1986),1986,57,3.18,0.91,-0.058,0.303,-0.423
2268,"Few Good Men, A (1992)",1992,57,3.79,0.74,-0.058,0.303,-0.423
2005,"Goonies, The (1985)",1985,57,3.57,0.91,-0.058,0.303,-0.423
908,North by Northwest (1959),1959,57,4.18,0.78,-0.058,0.303,-0.423
80463,"Social Network, The (2010)",2010,57,3.89,0.82,-0.058,0.303,-0.423
4370,A.I. Artificial Intelligence (2001),2001,56,3.34,0.87,-0.058,0.303,-0.423
2599,Election (1999),1999,56,3.66,1.07,-0.058,0.303,-0.423
1302,Field of Dreams (1989),1989,56,3.52,1.12,-0.058,0.303,-0.423
1641,"Full Monty, The (1997)",1997,56,3.76,0.85,-0.058,0.303,-0.423
2671,Notting Hill (1999),1999,56,3.46,1.05,-0.058,0.303,-0.423
53125,Pirates of the Caribbean: At World's End (2007),2007,56,3.44,0.96,-0.058,0.303,-0.423
2529,Planet of the Apes (1968),1968,56,3.80,0.86,-0.058,0.303,-0.423
2395,Rushmore (1998),1998,56,3.54,1.16,-0.058,0.303,-0.423
1148,Wallace & Gromit: The Wrong Trousers (1993),1993,56,4.04,1.03,-0.058,0.303,-0.423
1777,"Wedding Singer, The (1998)",1998,56,3.42,0.81,-0.058,0.303,-0.423
2804,"Christmas Story, A (1983)",1983,55,3.97,0.95,-0.058,0.303,-0.423
432,City Slickers II: The Legend of Curly's Gold (1994),1994,55,2.65,1.03,-0.058,0.303,-0.423
70,From Dusk Till Dawn (1996),1996,55,3.51,1.02,-0.058,0.303,-0.423
5956,Gangs of New York (2002),2002,55,3.52,0.99,-0.058,0.303,-0.423
2080,Lady and the Tramp (1955),1955,55,3.40,0.98,-0.058,0.303,-0.423
4308,Moulin Rouge (2001),2001,55,3.59,1.20,-0.058,0.303,-0.423
4720,"Others, The (2001)",2001,55,3.63,1.04,-0.058,0.303,-0.423
54503,Superbad (2007),2007,55,3.86,0.90,-0.058,0.303,-0.423
78499,Toy Story 3 (2010),2010,55,4.11,0.77,-0.058,0.303,-0.423
2572,10 Things I Hate About You (1999),1999,54,3.53,1.05,-0.058,0.303,-0.423
784,"Cable Guy, The (1996)",1996,54,2.81,1.18,-0.058,0.303,-0.423
122904,Deadpool (2016),2016,54,3.83,1.05,-0.058,0.303,-0.423
168,First Knight (1995),1995,54,3.08,1.30,-0.058,0.303,-0.423
59784,Kung Fu Panda (2008),2008,54,3.44,0.95,-0.058,0.303,-0.423
2406,Romancing the Stone (1984),1984,54,3.45,0.70,-0.058,0.303,-0.423
7,Sabrina (1995),1995,54,3.19,0.98,-0.058,0.303,-0.423
91500,The Hunger Games (2012),2012,54,3.44,1.02,-0.058,0.303,-0.423
4018,What Women Want (2000),2000,54,3.14,0.83,-0.058,0.303,-0.423
106782,"Wolf of Wall Street, The (2013)",2013,54,3.92,1.08,-0.058,0.303,-0.423
4816,Zoolander (2001),2001,54,3.51,1.01,-0.058,0.303,-0.423
2699,Arachnophobia (1990),1990,53,2.81,0.95,-0.058,0.303,-0.423
3911,Best in Show (2000),2000,53,3.69,0.86,-0.058,0.303,-0.423
49530,Blood Diamond (2006),2006,53,3.76,0.79,-0.058,0.303,-0.423
1997,"Exorcist, The (1973)",1973,53,3.80,1.01,-0.058,0.303,-0.423
2712,Eyes Wide Shut (1999),1999,53,3.46,1.11,-0.058,0.303,-0.423
1282,Fantasia (1940),1940,53,3.78,1.02,-0.058,0.303,-0.423
2947,Goldfinger (1964),1964,53,3.84,0.67,-0.058,0.303,-0.423
3489,Hook (1991),1991,53,3.36,0.89,-0.058,0.303,-0.423
76093,How to Train Your Dragon (2010),2010,53,3.94,0.86,-0.058,0.303,-0.423
172,Johnny Mnemonic (1995),1995,53,2.68,1.07,-0.058,0.303,-0.423
2078,"Jungle Book, The (1967)",1967,53,3.83,0.85,-0.058,0.303,-0.423
485,Last Action Hero (1993),1993,53,2.93,0.97,-0.058,0.303,-0.423
673,Space Jam (1996),1996,53,2.71,1.13,-0.058,0.303,-0.423
2701,Wild Wild West (1999),1999,53,2.21,0.98,-0.058,0.303,-0.423
71535,Zombieland (2009),2009,53,3.88,0.88,-0.058,0.303,-0.423
3552,Caddyshack (1980),1980,52,3.83,0.99,-0.058,0.303,-0.423
1639,Chasing Amy (1997),1997,52,3.58,1.10,-0.058,0.303,-0.423
225,Disclosure (1994),1994,52,3.54,0.78,-0.058,0.303,-0.423
1466,Donnie Brasco (1997),1997,52,3.74,0.72,-0.058,0.303,-0.423
109374,"Grand Budapest Hotel, The (2014)",2014,52,3.78,0.87,-0.058,0.303,-0.423
3,Grumpier Old Men (1995),1995,52,3.26,1.05,-0.058,0.303,-0.423
52973,Knocked Up (2007),2007,52,3.65,0.74,-0.058,0.303,-0.423
3160,Magnolia (1999),1999,52,3.71,0.99,-0.058,0.303,-0.423
30707,Million Dollar Baby (2004),2004,52,3.85,0.81,-0.058,0.303,-0.423
6870,Mystic River (2003),2003,52,3.71,0.82,-0.058,0.303,-0.423
45499,X-Men: The Last Stand (2006),2006,52,3.36,0.96,-0.058,0.303,-0.423
1215,Army of Darkness (1993),1993,51,4.04,0.87,-0.058,0.303,-0.423
145,Bad Boys (1995),1995,51,3.25,0.86,-0.058,0.303,-0.423
4239,Blow (2001),2001,51,3.81,0.79,-0.058,0.303,-0.423
4848,Mulholland Drive (2001),2001,51,3.84,0.91,-0.058,0.303,-0.423
2100,Splash (1984),1984,51,3.12,0.97,-0.058,0.303,-0.423
1645,The Devil's Advocate (1997),1997,51,3.41,0.99,-0.058,0.303,-0.423
4776,Training Day (2001),2001,51,3.79,0.72,-0.058,0.303,-0.423
5010,Black Hawk Down (2001),2001,50,3.81,0.79,-0.058,0.303,-0.423
33166,Crash (2004),2004,50,3.89,0.81,-0.058,0.303,-0.423
8361,"Day After Tomorrow, The (2004)",2004,50,3.05,0.88,-0.058,0.303,-0.423
88125,Harry Potter and the Deathly Hallows: Part 2 (2011),2011,50,3.91,0.94,-0.058,0.303,-0.423
3785,Scary Movie (2000),2000,50,2.92,1.17,-0.058,0.303,-0.423
34405,Serenity (2005),2005,50,3.94,0.87,-0.058,0.303,-0.423
96079,Skyfall (2012),2012,50,3.81,0.79,-0.058,0.303,-0.423
910,Some Like It Hot (1959),1959,50,4.01,0.83,-0.058,0.303,-0.423
8464,Super Size Me (2004),2004,50,3.51,0.94,-0.058,0.303,-0.423
116797,The Imitation Game (2014),2014,50,4.02,0.73,-0.058,0.303,-0.423
333,Tommy Boy (1995),1995,50,3.78,1.09,-0.058,0.303,-0.423
2105,Tron (1982),1982,50,3.34,0.68,-0.058,0.303,-0.423
34048,War of the Worlds (2005),2005,50,3.15,0.89,-0.058,0.303,-0.423
2424,You've Got Mail (1998),1998,50,3.12,1.10,-0.058,0.303,-0.423
216,Billy Madison (1995),1995,49,3.33,1.06,-0.058,0.303,-0.423
5991,Chicago (2002),2002,49,3.72,0.92,-0.058,0.303,-0.423
45447,"Da Vinci Code, The (2006)",2006,49,3.12,0.85,-0.058,0.303,-0.423
5,Father of the Bride Part II (1995),1995,49,3.07,0.91,-0.058,0.303,-0.423
661,James and the Giant Peach (1996),1996,49,3.45,1.02,-0.058,0.303,-0.423
4643,Planet of the Apes (2001),2001,49,2.74,1.08,-0.058,0.303,-0.423
5464,Road to Perdition (2002),2002,49,3.52,0.88,-0.058,0.303,-0.423
2144,Sixteen Candles (1984),1984,49,3.60,0.85,-0.058,0.303,-0.423
2641,Superman II (1980),1980,49,3.02,0.89,-0.058,0.303,-0.423
3176,"Talented Mr. Ripley, The (1999)",1999,49,3.34,1.12,-0.058,0.303,-0.423
2694,Big Daddy (1999),1999,48,3.20,0.93,-0.058,0.303,-0.423
1748,Dark City (1998),1998,48,3.82,0.96,-0.058,0.303,-0.423
8784,Garden State (2004),2004,48,3.71,0.92,-0.058,0.303,-0.423
1275,Highlander (1986),1986,48,3.73,1.04,-0.058,0.303,-0.423
30749,Hotel Rwanda (2004),2004,48,3.79,0.96,-0.058,0.303,-0.423
1729,Jackie Brown (1997),1997,48,3.70,0.71,-0.058,0.303,-0.423
186,Nine Months (1995),1995,48,2.82,1.07,-0.058,0.303,-0.423
3000,Princess Mononoke (Mononoke-hime) (1997),1997,48,3.96,0.96,-0.058,0.303,-0.423
2019,Seven Samurai (Shichinin no samurai) (1954),1954,48,4.19,0.76,-0.058,0.303,-0.423
134130,The Martian (2015),2015,48,4.00,0.57,-0.058,0.303,-0.423
2763,"Thomas Crown Affair, The (1999)",1999,48,3.65,0.86,-0.058,0.303,-0.423
7458,Troy (2004),2004,48,3.43,0.93,-0.058,0.303,-0.423
745,Wallace & Gromit: A Close Shave (1995),1995,48,3.90,1.10,-0.058,0.303,-0.423
1367,101 Dalmatians (1996),1996,47,3.07,0.90,-0.058,0.303,-0.423
7293,50 First Dates (2004),2004,47,3.55,0.96,-0.058,0.303,-0.423
1320,Alien³ (a.k.a. Alien 3) (1992),1992,47,3.15,0.94,-0.058,0.303,-0.423
2539,Analyze This (1999),1999,47,3.10,0.83,-0.058,0.303,-0.423
1092,Basic Instinct (1992),1992,47,3.19,0.81,-0.058,0.303,-0.423
4014,Chocolat (2000),2000,47,3.52,1.03,-0.058,0.303,-0.423
2717,Ghostbusters II (1989),1989,47,3.00,0.88,-0.058,0.303,-0.423
81834,Harry Potter and the Deathly Hallows: Part 1 (2010),2010,47,3.99,0.87,-0.058,0.303,-0.423
783,"Hunchback of Notre Dame, The (1996)",1996,47,3.33,0.93,-0.058,0.303,-0.423
77561,Iron Man 2 (2010),2010,47,3.51,0.80,-0.058,0.303,-0.423
2001,Lethal Weapon 2 (1989),1989,47,3.18,0.87,-0.058,0.303,-0.423
122882,Mad Max: Fury Road (2015),2015,47,3.82,0.95,-0.058,0.303,-0.423
1921,Pi (1998),1998,47,3.85,0.84,-0.058,0.303,-0.423
1994,Poltergeist (1982),1982,47,3.43,0.81,-0.058,0.303,-0.423
5679,"Ring, The (2002)",2002,47,3.20,0.88,-0.058,0.303,-0.423
899,Singin' in the Rain (1952),1952,47,4.07,0.98,-0.058,0.303,-0.423
1358,Sling Blade (1996),1996,47,3.84,1.05,-0.058,0.303,-0.423
8529,"Terminal, The (2004)",2004,47,3.32,0.96,-0.058,0.303,-0.423
5902,Adaptation (2002),2002,46,3.95,0.89,-0.058,0.303,-0.423
4085,Beverly Hills Cop (1984),1984,46,3.40,0.76,-0.058,0.303,-0.423
2076,Blue Velvet (1986),1986,46,3.95,0.89,-0.058,0.303,-0.423
1884,Fear and Loathing in Las Vegas (1998),1998,46,3.97,0.85,-0.058,0.303,-0.423
64614,Gran Torino (2008),2008,46,3.95,0.63,-0.058,0.303,-0.423
2002,Lethal Weapon 3 (1992),1992,46,2.93,0.98,-0.058,0.303,-0.423
5060,M*A*S*H (a.k.a. MASH) (1970),1970,46,3.93,0.93,-0.058,0.303,-0.423
3752,"Me, Myself & Irene (2000)",2000,46,3.09,0.90,-0.058,0.303,-0.423
44,Mortal Kombat (1995),1995,46,2.54,1.08,-0.058,0.303,-0.423
802,Phenomenon (1996),1996,46,3.34,0.92,-0.058,0.303,-0.423
5995,"Pianist, The (2002)",2002,46,4.11,0.82,-0.058,0.303,-0.423
47099,"Pursuit of Happyness, The (2006)",2006,46,3.79,0.87,-0.058,0.303,-0.423
112,Rumble in the Bronx (Hont faan kui) (1995),1995,46,3.54,0.93,-0.058,0.303,-0.423
54272,"Simpsons Movie, The (2007)",2007,46,3.62,0.75,-0.058,0.303,-0.423
1396,Sneakers (1992),1992,46,3.48,0.66,-0.058,0.303,-0.423
7254,The Butterfly Effect (2004),2004,46,3.63,1.04,-0.058,0.303,-0.423
1690,Alien: Resurrection (1997),1997,45,2.92,1.00,-0.058,0.303,-0.423
4718,American Pie 2 (2001),2001,45,3.07,1.24,-0.058,0.303,-0.423
2294,Antz (1998),1998,45,3.24,0.77,-0.058,0.303,-0.423
616,"Aristocats, The (1970)",1970,45,3.41,0.87,-0.058,0.303,-0.423
4571,Bill & Ted's Excellent Adventure (1989),1989,45,3.70,0.76,-0.058,0.303,-0.423
1250,"Bridge on the River Kwai, The (1957)",1957,45,4.12,1.11,-0.058,0.303,-0.423
3863,"Cell, The (2000)",2000,45,3.04,1.08,-0.058,0.303,-0.423
1183,"English Patient, The (1996)",1996,45,3.71,0.96,-0.058,0.303,-0.423
4369,"Fast and the Furious, The (2001)",2001,45,3.07,0.99,-0.058,0.303,-0.423
236,French Kiss (1995),1995,45,3.48,0.92,-0.058,0.303,-0.423
2023,"Godfather: Part III, The (1990)",1990,45,3.36,1.00,-0.058,0.303,-0.423
920,Gone with the Wind (1939),1939,45,3.64,1.06,-0.058,0.303,-0.423
31685,Hitch (2005),2005,45,3.17,0.79,-0.058,0.303,-0.423
1204,Lawrence of Arabia (1962),1962,45,4.30,0.84,-0.058,0.303,-0.423
3255,"League of Their Own, A (1992)",1992,45,3.47,0.68,-0.058,0.303,-0.423
1907,Mulan (1998),1998,45,3.57,0.79,-0.058,0.303,-0.423
4270,"Mummy Returns, The (2001)",2001,45,3.09,1.15,-0.058,0.303,-0.423
2490,Payback (1999),1999,45,3.42,0.99,-0.058,0.303,-0.423
196,Species (1995),1995,45,2.67,0.92,-0.058,0.303,-0.423
1371,Star Trek: The Motion Picture (1979),1979,45,3.04,0.96,-0.058,0.303,-0.423
6537,Terminator 3: Rise of the Machines (2003),2003,45,3.04,0.88,-0.058,0.303,-0.423
2288,"Thing, The (1982)",1982,45,3.93,1.05,-0.058,0.303,-0.423
2890,Three Kings (1999),1999,45,3.71,0.77,-0.058,0.303,-0.423
1722,Tomorrow Never Dies (1997),1997,45,3.07,1.00,-0.058,0.303,-0.423
1266,Unforgiven (1992),1992,45,4.11,0.72,-0.058,0.303,-0.423
2085,101 Dalmatians (One Hundred and One Dalmatians) (1961),1961,44,3.43,0.75,-0.058,0.303,-0.423
5377,About a Boy (2002),2002,44,3.72,0.72,-0.058,0.303,-0.423
1333,"Birds, The (1963)",1963,44,3.60,0.80,-0.058,0.303,-0.423
8798,Collateral (2004),2004,44,3.76,0.76,-0.058,0.303,-0.423
37729,Corpse Bride (2005),2005,44,3.53,0.68,-0.058,0.303,-0.423
111759,Edge of Tomorrow (2014),2014,44,3.98,0.71,-0.058,0.303,-0.423
5903,Equilibrium (2002),2002,44,3.88,0.68,-0.058,0.303,-0.423
849,Escape from L.A. (1996),1996,44,2.92,1.04,-0.058,0.303,-0.423
33004,"Hitchhiker's Guide to the Galaxy, The (2005)",2005,44,3.42,0.91,-0.058,0.303,-0.423
913,"Maltese Falcon, The (1941)",1941,44,4.17,0.63,-0.058,0.303,-0.423
3499,Misery (1990),1990,44,3.84,0.76,-0.058,0.303,-0.423
3755,"Perfect Storm, The (2000)",2000,44,3.17,0.97,-0.058,0.303,-0.423
151,Rob Roy (1995),1995,44,3.55,0.95,-0.058,0.303,-0.423
79702,Scott Pilgrim vs. the World (2010),2010,44,3.70,1.00,-0.058,0.303,-0.423
52722,Spider-Man 3 (2007),2007,44,3.00,0.96,-0.058,0.303,-0.423
46976,Stranger than Fiction (2006),2006,44,3.69,1.06,-0.058,0.303,-0.423
4975,Vanilla Sky (2001),2001,44,3.42,0.88,-0.058,0.303,-0.423
3363,American Graffiti (1973),1973,43,3.85,0.75,-0.058,0.303,-0.423
3275,"Boondock Saints, The (2000)",2000,43,4.22,0.58,-0.058,0.303,-0.423
2407,Cocoon (1985),1985,43,3.27,0.76,-0.058,0.303,-0.423
1597,Conspiracy Theory (1997),1997,43,2.94,1.02,-0.058,0.303,-0.423
1876,Deep Impact (1998),1998,43,3.07,0.90,-0.058,0.303,-0.423
1263,"Deer Hunter, The (1978)",1978,43,3.83,1.10,-0.058,0.303,-0.423
2605,Entrapment (1999),1999,43,2.99,0.94,-0.058,0.303,-0.423
2455,"Fly, The (1986)",1986,43,3.38,0.90,-0.058,0.303,-0.423
3448,"Good Morning, Vietnam (1987)",1987,43,3.80,0.82,-0.058,0.303,-0.423
1262,"Great Escape, The (1963)",1963,43,4.13,0.87,-0.058,0.303,-0.423
252,I.Q. (1994),1994,43,3.45,0.86,-0.058,0.303,-0.423
47610,"Illusionist, The (2006)",2006,43,3.78,0.87,-0.058,0.303,-0.423
134853,Inside Out (2015),2015,43,3.81,0.98,-0.058,0.303,-0.423
76251,Kick-Ass (2010),2010,43,3.65,0.81,-0.058,0.303,-0.423
497,Much Ado About Nothing (1993),1993,43,3.81,0.88,-0.058,0.303,-0.423
2161,"NeverEnding Story, The (1984)",1984,43,3.58,0.94,-0.058,0.303,-0.423
8984,Ocean's Twelve (2004),2004,43,3.29,1.03,-0.058,0.303,-0.423
4310,Pearl Harbor (2001),2001,43,2.97,1.17,-0.058,0.303,-0.423
2278,Ronin (1998),1998,43,3.52,0.98,-0.058,0.303,-0.423
3624,Shanghai Noon (2000),2000,43,3.15,1.00,-0.058,0.303,-0.423
1376,Star Trek IV: The Voyage Home (1986),1986,43,3.48,1.10,-0.058,0.303,-0.423
852,Tin Cup (1996),1996,43,3.17,1.01,-0.058,0.303,-0.423
60684,Watchmen (2009),2009,43,3.99,0.73,-0.058,0.303,-0.423
87232,X-Men: First Class (2011),2011,43,3.79,0.83,-0.058,0.303,-0.423
69757,(500) Days of Summer (2009),2009,42,3.67,1.06,-0.058,0.303,-0.423
1562,Batman & Robin (1997),1997,42,2.21,0.73,-0.058,0.303,-0.423
81591,Black Swan (2010),2010,42,3.63,1.09,-0.058,0.303,-0.423
431,Carlito's Way (1993),1993,42,3.74,0.81,-0.058,0.303,-0.423
1022,Cinderella (1950),1950,42,3.49,0.79,-0.058,0.303,-0.423
1094,"Crying Game, The (1992)",1992,42,3.44,1.00,-0.058,0.303,-0.423
441,Dazed and Confused (1993),1993,42,3.93,0.93,-0.058,0.303,-0.423
1088,Dirty Dancing (1987),1987,42,3.37,0.99,-0.058,0.303,-0.423
3210,Fast Times at Ridgemont High (1982),1982,42,3.48,0.86,-0.058,0.303,-0.423
355,"Flintstones, The (1994)",1994,42,2.36,0.97,-0.058,0.303,-0.423
91658,"Girl with the Dragon Tattoo, The (2011)",2011,42,3.49,1.33,-0.058,0.303,-0.423
785,Kingpin (1996),1996,42,3.37,0.93,-0.058,0.303,-0.423
1967,Labyrinth (1986),1986,42,3.82,0.95,-0.058,0.303,-0.423
261,Little Women (1994),1994,42,3.88,0.76,-0.058,0.303,-0.423
3868,"Naked Gun: From the Files of Police Squad!, The (1988)",1988,42,3.40,0.96,-0.058,0.303,-0.423
2915,Risky Business (1983),1983,42,3.44,0.92,-0.058,0.303,-0.423
2724,Runaway Bride (1999),1999,42,2.83,1.05,-0.058,0.303,-0.423
2273,Rush Hour (1998),1998,42,3.26,0.90,-0.058,0.303,-0.423
1375,Star Trek III: The Search for Spock (1984),1984,42,3.26,0.77,-0.058,0.303,-0.423
1372,Star Trek VI: The Undiscovered Country (1991),1991,42,3.35,1.16,-0.058,0.303,-0.423
59369,Taken (2008),2008,42,3.62,1.10,-0.058,0.303,-0.423
1042,That Thing You Do! (1996),1996,42,3.27,0.91,-0.058,0.303,-0.423
3301,"Whole Nine Yards, The (2000)",2000,42,3.52,0.84,-0.058,0.303,-0.423
1909,"X-Files: Fight the Future, The (1998)",1998,42,3.44,0.94,-0.058,0.303,-0.423
5810,8 Mile (2002),2002,41,3.29,1.04,-0.058,0.303,-0.423
115617,Big Hero 6 (2014),2014,41,3.85,0.91,-0.058,0.303,-0.423
45517,Cars (2006),2006,41,3.38,0.84,-0.058,0.303,-0.423
494,Executive Decision (1996),1996,41,3.38,0.98,-0.058,0.303,-0.423
1242,Glory (1989),1989,41,4.17,0.66,-0.058,0.303,-0.423
2003,Gremlins (1984),1984,41,3.38,0.92,-0.058,0.303,-0.423
1285,Heathers (1989),1989,41,3.73,1.01,-0.058,0.303,-0.423
7373,Hellboy (2004),2004,41,3.38,1.00,-0.058,0.303,-0.423
57669,In Bruges (2008),2008,41,4.16,0.67,-0.058,0.303,-0.423
55247,Into the Wild (2007),2007,41,3.90,0.88,-0.058,0.303,-0.423
4299,"Knight's Tale, A (2001)",2001,41,3.34,1.03,-0.058,0.303,-0.423
2087,Peter Pan (1953),1953,41,3.57,0.75,-0.058,0.303,-0.423
3916,Remember the Titans (2000),2000,41,3.74,0.98,-0.058,0.303,-0.423
3617,Road Trip (2000),2000,41,3.09,1.01,-0.058,0.303,-0.423
543,So I Married an Axe Murderer (1993),1993,41,3.32,1.04,-0.058,0.303,-0.423
122886,Star Wars: Episode VII - The Force Awakens (2015),2015,41,3.85,0.87,-0.058,0.303,-0.423
762,Striptease (1996),1996,41,2.41,1.08,-0.058,0.303,-0.423
3418,Thelma & Louise (1991),1991,41,3.46,1.03,-0.058,0.303,-0.423
2968,Time Bandits (1981),1981,41,3.73,0.98,-0.058,0.303,-0.423
1032,Alice in Wonderland (1951),1951,40,3.38,0.96,-0.058,0.303,-0.423
6218,Bend It Like Beckham (2002),2002,40,3.30,1.06,-0.058,0.303,-0.423
1233,"Boot, Das (Boat, The) (1981)",1981,40,4.21,0.68,-0.058,0.303,-0.423
2541,Cruel Intentions (1999),1999,40,3.23,0.95,-0.058,0.303,-0.423
224,Don Juan DeMarco (1995),1995,40,3.61,0.76,-0.058,0.303,-0.423
4223,Enemy at the Gates (2001),2001,40,3.51,0.91,-0.058,0.303,-0.423
98809,"Hobbit: An Unexpected Journey, The (2012)",2012,40,3.81,0.84,-0.058,0.303,-0.423
31658,Howl's Moving Castle (Hauru no ugoku shiro) (2004),2004,40,4.08,0.72,-0.058,0.303,-0.423
471,"Hudsucker Proxy, The (1994)",1994,40,3.55,1.11,-0.058,0.303,-0.423
44199,Inside Man (2006),2006,40,3.80,0.99,-0.058,0.303,-0.423
41569,King Kong (2005),2005,40,3.40,0.71,-0.058,0.303,-0.423
4367,Lara Croft: Tomb Raider (2001),2001,40,2.90,1.12,-0.058,0.303,-0.423
33615,Madagascar (2005),2005,40,3.38,0.84,-0.058,0.303,-0.423
6807,Monty Python's The Meaning of Life (1983),1983,40,3.95,0.77,-0.058,0.303,-0.423
1569,My Best Friend's Wedding (1997),1997,40,3.50,0.91,-0.058,0.303,-0.423
282,Nell (1994),1994,40,3.34,0.94,-0.058,0.303,-0.423
1228,Raging Bull (1980),1980,40,4.19,0.80,-0.058,0.303,-0.423
376,"River Wild, The (1994)",1994,40,3.25,0.82,-0.058,0.303,-0.423
3703,"Road Warrior, The (Mad Max 2) (1981)",1981,40,4.04,0.87,-0.058,0.303,-0.423
529,Searching for Bobby Fischer (1993),1993,40,3.88,0.77,-0.058,0.303,-0.423
2193,Willow (1988),1988,40,3.34,1.03,-0.058,0.303,-0.423
1674,Witness (1985),1985,40,3.65,0.82,-0.058,0.303,-0.423
1274,Akira (1988),1988,39,3.74,1.27,-0.058,0.303,-0.423
1673,Boogie Nights (1997),1997,39,4.08,0.74,-0.058,0.303,-0.423
2908,Boys Don't Cry (1999),1999,39,3.55,1.08,-0.058,0.303,-0.423
61323,Burn After Reading (2008),2008,39,3.49,0.93,-0.058,0.303,-0.423
8528,Dodgeball: A True Underdog Story (2004),2004,39,3.55,1.01,-0.058,0.303,-0.423
6936,Elf (2003),2003,39,3.69,0.75,-0.058,0.303,-0.423
1129,Escape from New York (1981),1981,39,3.45,0.97,-0.058,0.303,-0.423
2951,"Fistful of Dollars, A (Per un pugno di dollari) (1964)",1964,39,3.94,0.84,-0.058,0.303,-0.423
58998,Forgetting Sarah Marshall (2008),2008,39,3.77,0.94,-0.058,0.303,-0.423
1953,"French Connection, The (1971)",1971,39,3.87,0.78,-0.058,0.303,-0.423
2580,Go (1999),1999,39,3.96,0.81,-0.058,0.303,-0.423
4148,Hannibal (2001),2001,39,2.94,1.14,-0.058,0.303,-0.423
3826,Hollow Man (2000),2000,39,2.29,1.02,-0.058,0.303,-0.423
59615,Indiana Jones and the Kingdom of the Crystal Skull (2008),2008,39,2.83,1.05,-0.058,0.303,-0.423
2761,"Iron Giant, The (1999)",1999,39,4.05,0.80,-0.058,0.303,-0.423
1408,"Last of the Mohicans, The (1992)",1992,39,3.83,0.87,-0.058,0.303,-0.423
2746,Little Shop of Horrors (1986),1986,39,3.33,0.72,-0.058,0.303,-0.423
3174,Man on the Moon (1999),1999,39,3.49,0.83,-0.058,0.303,-0.423
7451,Mean Girls (2004),2004,39,3.76,0.70,-0.058,0.303,-0.423
2723,Mystery Men (1999),1999,39,3.09,1.07,-0.058,0.303,-0.423
27773,Old Boy (2003),2003,39,4.09,0.87,-0.058,0.303,-0.423
6188,Old School (2003),2003,39,3.51,1.01,-0.058,0.303,-0.423
3300,Pitch Black (2000),2000,39,3.56,0.79,-0.058,0.303,-0.423
2094,"Rocketeer, The (1991)",1991,39,3.26,0.81,-0.058,0.303,-0.423
2248,Say Anything... (1989),1989,39,3.92,0.82,-0.058,0.303,-0.423
8949,Sideways (2004),2004,39,3.74,0.92,-0.058,0.303,-0.423
3039,Trading Places (1983),1983,39,3.73,0.77,-0.058,0.303,-0.423
53996,Transformers (2007),2007,39,3.35,1.10,-0.058,0.303,-0.423
40819,Walk the Line (2005),2005,39,3.76,0.69,-0.058,0.303,-0.423
3082,"World Is Not Enough, The (1999)",1999,39,3.33,1.09,-0.058,0.303,-0.423
2124,"Addams Family, The (1991)",1991,38,3.29,0.90,-0.058,0.303,-0.423
2018,Bambi (1942),1942,38,3.37,0.96,-0.058,0.303,-0.423
2770,Bowfinger (1999),1999,38,2.96,1.04,-0.058,0.303,-0.423
29,"City of Lost Children, The (Cité des enfants perdus, La) (1995)",1995,38,4.01,0.83,-0.058,0.303,-0.423
31,Dangerous Minds (1995),1995,38,3.18,0.99,-0.058,0.303,-0.423
79091,Despicable Me (2010),2010,38,3.68,0.93,-0.058,0.303,-0.423
3362,Dog Day Afternoon (1975),1975,38,3.93,0.80,-0.058,0.303,-0.423
7090,Hero (Ying xiong) (2002),2002,38,3.92,0.76,-0.058,0.303,-0.423
2420,"Karate Kid, The (1984)",1984,38,3.57,0.78,-0.058,0.303,-0.423
44665,Lucky Number Slevin (2006),2006,38,3.86,0.69,-0.058,0.303,-0.423
3702,Mad Max (1979),1979,38,3.49,0.90,-0.058,0.303,-0.423
277,Miracle on 34th Street (1994),1994,38,3.22,1.15,-0.058,0.303,-0.423
8972,National Treasure (2004),2004,38,3.26,0.91,-0.058,0.303,-0.423
8533,"Notebook, The (2004)",2004,38,3.57,1.12,-0.058,0.303,-0.423
2289,"Player, The (1992)",1992,38,3.95,0.84,-0.058,0.303,-0.423
91542,Sherlock Holmes: A Game of Shadows (2011),2011,38,3.76,0.76,-0.058,0.303,-0.423
315,"Specialist, The (1994)",1994,38,3.08,0.98,-0.058,0.303,-0.423
8950,The Machinist (2004),2004,38,3.99,0.73,-0.058,0.303,-0.423
112552,Whiplash (2014),2014,38,4.04,0.86,-0.058,0.303,-0.423
51540,Zodiac (2007),2007,38,3.71,0.88,-0.058,0.303,-0.423
55765,American Gangster (2007),2007,37,3.91,0.88,-0.058,0.303,-0.423
3967,Billy Elliot (2000),2000,37,3.85,0.77,-0.058,0.303,-0.423
1020,Cool Runnings (1993),1993,37,3.08,0.80,-0.058,0.303,-0.423
64957,"Curious Case of Benjamin Button, The (2008)",2008,37,3.59,0.84,-0.058,0.303,-0.423
1093,"Doors, The (1991)",1991,37,3.41,0.99,-0.058,0.303,-0.423
2021,Dune (1984),1984,37,3.43,1.02,-0.058,0.303,-0.423
4016,"Emperor's New Groove, The (2000)",2000,37,3.72,0.80,-0.058,0.303,-0.423
8622,Fahrenheit 9/11 (2004),2004,37,3.49,0.79,-0.058,0.303,-0.423
455,Free Willy (1993),1993,37,2.39,1.09,-0.058,0.303,-0.423
112556,Gone Girl (2014),2014,37,3.72,0.88,-0.058,0.303,-0.423
92259,Intouchables (2011),2011,37,4.11,1.04,-0.058,0.303,-0.423
30810,"Life Aquatic with Steve Zissou, The (2004)",2004,37,3.49,1.02,-0.058,0.303,-0.423
5971,My Neighbor Totoro (Tonari no Totoro) (1988),1988,37,3.96,0.97,-0.058,0.303,-0.423
8376,Napoleon Dynamite (2004),2004,37,3.32,1.10,-0.058,0.303,-0.423
5266,Panic Room (2002),2002,37,3.00,1.03,-0.058,0.303,-0.423
58,"Postman, The (Postino, Il) (1994)",1994,37,4.03,0.92,-0.058,0.303,-0.423
832,Ransom (1996),1996,37,3.34,0.91,-0.058,0.303,-0.423
345,"Adventures of Priscilla, Queen of the Desert, The (1994)",1994,36,3.60,0.98,-0.058,0.303,-0.423
585,"Brady Bunch Movie, The (1995)",1995,36,2.74,0.93,-0.058,0.303,-0.423
902,Breakfast at Tiffany's (1961),1961,36,3.85,0.95,-0.058,0.303,-0.423
1345,Carrie (1976),1976,36,3.35,0.95,-0.058,0.303,-0.423
22,Copycat (1995),1995,36,3.22,0.82,-0.058,0.303,-0.423
34150,Fantastic Four (2005),2005,36,2.76,0.85,-0.058,0.303,-0.423
3101,Fatal Attraction (1987),1987,36,3.10,1.19,-0.058,0.303,-0.423
3108,"Fisher King, The (1991)",1991,36,3.81,0.90,-0.058,0.303,-0.423
3510,Frequency (2000),2000,36,3.42,1.06,-0.058,0.303,-0.423
2948,From Russia with Love (1963),1963,36,3.75,0.74,-0.058,0.303,-0.423
4638,Jurassic Park III (2001),2001,36,2.85,1.01,-0.058,0.303,-0.423
119145,Kingsman: The Secret Service (2015),2015,36,3.99,0.80,-0.058,0.303,-0.423
180,Mallrats (1995),1995,36,3.40,0.92,-0.058,0.303,-0.423
6947,Master and Commander: The Far Side of the World (2003),2003,36,3.64,0.91,-0.058,0.303,-0.423
671,Mystery Science Theater 3000: The Movie (1996),1996,36,3.49,1.20,-0.058,0.303,-0.423
2581,Never Been Kissed (1999),1999,36,2.96,1.08,-0.058,0.303,-0.423
3034,Robin Hood (1973),1973,36,3.51,0.90,-0.058,0.303,-0.423
2231,Rounders (1998),1998,36,3.86,0.73,-0.058,0.303,-0.423
3247,Sister Act (1992),1992,36,3.03,1.00,-0.058,0.303,-0.423
1060,Swingers (1996),1996,36,3.69,1.10,-0.058,0.303,-0.423
44195,Thank You for Smoking (2006),2006,36,4.03,0.64,-0.058,0.303,-0.423
1059,William Shakespeare's Romeo + Juliet (1996),1996,36,3.72,0.92,-0.058,0.303,-0.423
30812,"Aviator, The (2004)",2004,35,3.53,0.84,-0.058,0.303,-0.423
1084,Bonnie and Clyde (1967),1967,35,4.07,0.70,-0.058,0.303,-0.423
3361,Bull Durham (1988),1988,35,3.67,0.94,-0.058,0.303,-0.423
31696,Constantine (2005),2005,35,3.47,0.89,-0.058,0.303,-0.423
66097,Coraline (2009),2009,35,3.70,0.92,-0.058,0.303,-0.423
1029,Dumbo (1941),1941,35,3.39,0.89,-0.058,0.303,-0.423
1249,"Femme Nikita, La (Nikita) (1990)",1990,35,4.07,0.68,-0.058,0.303,-0.423
3409,Final Destination (2000),2000,35,2.93,1.09,-0.058,0.303,-0.423
170,Hackers (1995),1995,35,3.23,0.92,-0.058,0.303,-0.423
60040,"Incredible Hulk, The (2008)",2008,35,3.17,0.81,-0.058,0.303,-0.423
256,Junior (1994),1994,35,2.83,1.04,-0.058,0.303,-0.423
38061,Kiss Kiss Bang Bang (2005),2005,35,4.07,0.64,-0.058,0.303,-0.423
36529,Lord of War (2005),2005,35,3.71,0.90,-0.058,0.303,-0.423
7445,Man on Fire (2004),2004,35,3.63,0.95,-0.058,0.303,-0.423
719,Multiplicity (1996),1996,35,2.84,0.98,-0.058,0.303,-0.423
914,My Fair Lady (1964),1964,35,4.04,0.92,-0.058,0.303,-0.423
628,Primal Fear (1996),1996,35,3.64,0.90,-0.058,0.303,-0.423
63113,Quantum of Solace (2008),2008,35,3.46,0.84,-0.058,0.303,-0.423
193,Showgirls (1995),1995,35,2.47,1.01,-0.058,0.303,-0.423
2427,"Thin Red Line, The (1998)",1998,35,3.30,1.42,-0.058,0.303,-0.423
805,"Time to Kill, A (1996)",1996,35,3.66,0.81,-0.058,0.303,-0.423
3809,What About Bob? (1991),1991,35,3.27,0.91,-0.058,0.303,-0.423
969,"African Queen, The (1951)",1951,34,3.97,1.01,-0.058,0.303,-0.423
6287,Anger Management (2003),2003,34,3.06,1.01,-0.058,0.303,-0.423
1287,Ben-Hur (1959),1959,34,3.94,0.99,-0.058,0.303,-0.423
5254,Blade II (2002),2002,34,3.21,0.91,-0.058,0.303,-0.423
3882,Bring It On (2000),2000,34,2.69,1.04,-0.058,0.303,-0.423
39183,Brokeback Mountain (2005),2005,34,3.56,0.89,-0.058,0.303,-0.423
1172,Cinema Paradiso (Nuovo cinema Paradiso) (1989),1989,34,4.16,1.03,-0.058,0.303,-0.423
2140,"Dark Crystal, The (1982)",1982,34,3.54,0.82,-0.058,0.303,-0.423
45720,"Devil Wears Prada, The (2006)",2006,34,3.56,0.99,-0.058,0.303,-0.423
1261,Evil Dead II (Dead by Dawn) (1987),1987,34,4.04,0.81,-0.058,0.303,-0.423
4641,Ghost World (2001),2001,34,3.50,0.86,-0.058,0.303,-0.423
8807,Harold and Kumar Go to White Castle (2004),2004,34,3.46,0.94,-0.058,0.303,-0.423
69481,"Hurt Locker, The (2008)",2008,34,4.06,0.80,-0.058,0.303,-0.423
60,"Indian in the Cupboard, The (1995)",1995,34,3.24,1.02,-0.058,0.303,-0.423
4734,Jay and Silent Bob Strike Back (2001),2001,34,3.16,1.08,-0.058,0.303,-0.423
362,"Jungle Book, The (1994)",1994,34,3.53,1.08,-0.058,0.303,-0.423
44555,"Lives of Others, The (Das leben der Anderen) (2006)",2006,34,4.12,0.70,-0.058,0.303,-0.423
6708,Matchstick Men (2003),2003,34,3.72,0.58,-0.058,0.303,-0.423
524,Rudy (1993),1993,34,3.49,0.93,-0.058,0.303,-0.423
3698,"Running Man, The (1987)",1987,34,3.22,0.98,-0.058,0.303,-0.423
85414,Source Code (2011),2011,34,3.60,0.65,-0.058,0.303,-0.423
54259,Stardust (2007),2007,34,3.60,0.97,-0.058,0.303,-0.423
1663,Stripes (1981),1981,34,3.79,0.84,-0.058,0.303,-0.423
4344,Swordfish (2001),2001,34,3.10,0.90,-0.058,0.303,-0.423
327,Tank Girl (1995),1995,34,2.82,1.12,-0.058,0.303,-0.423
86332,Thor (2011),2011,34,3.51,0.84,-0.058,0.303,-0.423
1947,West Side Story (1961),1961,34,3.60,1.22,-0.058,0.303,-0.423
64839,"Wrestler, The (2008)",2008,34,3.74,0.80,-0.058,0.303,-0.423
64969,Yes Man (2008),2008,34,3.62,0.91,-0.058,0.303,-0.423
2949,Dr. No (1962),1962,33,3.71,0.66,-0.058,0.303,-0.423
4015,"Dude, Where's My Car? (2000)",2000,33,2.73,1.23,-0.058,0.303,-0.423
3681,For a Few Dollars More (Per qualche dollaro in più) (1965),1965,33,4.15,0.63,-0.058,0.303,-0.423
1882,Godzilla (1998),1998,33,1.95,0.84,-0.058,0.303,-0.423
610,Heavy Metal (1981),1981,33,3.55,0.95,-0.058,0.303,-0.423
3988,How the Grinch Stole Christmas (a.k.a. The Grinch) (2000),2000,33,3.05,0.85,-0.058,0.303,-0.423
6534,Hulk (2003),2003,33,2.56,1.04,-0.058,0.303,-0.423
5388,Insomnia (2002),2002,33,3.30,0.75,-0.058,0.303,-0.423
4874,K-PAX (2001),2001,33,3.48,1.00,-0.058,0.303,-0.423
1918,Lethal Weapon 4 (1998),1998,33,2.85,0.98,-0.058,0.303,-0.423
265,Like Water for Chocolate (Como agua para chocolate) (1992),1992,33,3.94,1.07,-0.058,0.303,-0.423
1047,"Long Kiss Goodnight, The (1996)",1996,33,3.32,0.83,-0.058,0.303,-0.423
1244,Manhattan (1979),1979,33,4.11,0.76,-0.058,0.303,-0.423
837,Matilda (1996),1996,33,3.27,0.93,-0.058,0.303,-0.423
30825,Meet the Fockers (2004),2004,33,3.11,0.97,-0.058,0.303,-0.423
3396,"Muppet Movie, The (1979)",1979,33,3.59,0.94,-0.058,0.303,-0.423
342,Muriel's Wedding (1994),1994,33,3.27,1.04,-0.058,0.303,-0.423
53322,Ocean's Thirteen (2007),2007,33,3.48,0.92,-0.058,0.303,-0.423
1272,Patton (1970),1970,33,4.12,1.20,-0.058,0.303,-0.423
2145,Pretty in Pink (1986),1986,33,3.24,0.80,-0.058,0.303,-0.423
2300,"Producers, The (1968)",1968,33,3.97,1.05,-0.058,0.303,-0.423
5673,Punch-Drunk Love (2002),2002,33,3.62,1.13,-0.058,0.303,-0.423
8957,Saw (2004),2004,33,3.18,1.28,-0.058,0.303,-0.423
637,Sgt. Bilko (1996),1996,33,3.05,1.04,-0.058,0.303,-0.423
2393,Star Trek: Insurrection (1998),1998,33,3.15,1.10,-0.058,0.303,-0.423
61132,Tropic Thunder (2008),2008,33,3.50,1.05,-0.058,0.303,-0.423
3555,U-571 (2000),2000,33,3.42,0.71,-0.058,0.303,-0.423
6754,Underworld (2003),2003,33,3.50,0.73,-0.058,0.303,-0.423
3285,"Beach, The (2000)",2000,32,3.06,1.03,-0.058,0.303,-0.423
3257,"Bodyguard, The (1992)",1992,32,2.86,0.87,-0.058,0.303,-0.423
88140,Captain America: The First Avenger (2011),2011,32,3.55,0.66,-0.058,0.303,-0.423
6157,Daredevil (2003),2003,32,2.50,0.86,-0.058,0.303,-0.423
2944,"Dirty Dozen, The (1967)",1967,32,3.97,0.57,-0.058,0.303,-0.423
1911,Dr. Dolittle (1998),1998,32,2.61,0.86,-0.058,0.303,-0.423
88129,Drive (2011),2011,32,3.77,0.98,-0.058,0.303,-0.423
8970,Finding Neverland (2004),2004,32,3.61,0.84,-0.058,0.303,-0.423
104841,Gravity (2013),2013,32,3.58,1.13,-0.058,0.303,-0.423
1644,I Know What You Did Last Summer (1997),1997,32,2.11,0.99,-0.058,0.303,-0.423
102125,Iron Man 3 (2013),2013,32,3.56,0.98,-0.058,0.303,-0.423
6541,"League of Extraordinary Gentlemen, The (a.k.a. LXG) (2003)",2003,32,2.63,1.01,-0.058,0.303,-0.423
53972,Live Free or Die Hard (2007),2007,32,3.41,0.71,-0.058,0.303,-0.423
96610,Looper (2012),2012,32,3.64,0.86,-0.058,0.303,-0.423
68237,Moon (2009),2009,32,3.97,0.92,-0.058,0.303,-0.423
1912,Out of Sight (1998),1998,32,3.86,1.05,-0.058,0.303,-0.423
6281,Phone Booth (2002),2002,32,3.14,0.84,-0.058,0.303,-0.423
303,"Quick and the Dead, The (1995)",1995,32,2.95,0.90,-0.058,0.303,-0.423
2160,Rosemary's Baby (1968),1968,32,4.17,0.73,-0.058,0.303,-0.423
8917,Team America: World Police (2004),2004,32,3.47,1.14,-0.058,0.303,-0.423
5064,The Count of Monte Cristo (2002),2002,32,3.83,0.85,-0.058,0.303,-0.423
45,To Die For (1995),1995,32,3.31,0.83,-0.058,0.303,-0.423
4361,Tootsie (1982),1982,32,3.42,1.08,-0.058,0.303,-0.423
72011,Up in the Air (2009),2009,32,3.72,0.72,-0.058,0.303,-0.423
152081,Zootopia (2016),2016,32,3.89,0.81,-0.058,0.303,-0.423
46723,Babel (2006),2006,31,3.50,0.77,-0.058,0.303,-0.423
1405,Beavis and Butt-Head Do America (1996),1996,31,2.94,1.24,-0.058,0.303,-0.423
65,Bio-Dome (1996),1996,31,2.53,1.06,-0.058,0.303,-0.423
72641,"Blind Side, The  (2009)",2009,31,3.68,1.02,-0.058,0.303,-0.423
110102,Captain America: The Winter Soldier (2014),2014,31,3.74,1.02,-0.058,0.303,-0.423
4321,City Slickers (1991),1991,31,3.37,0.93,-0.058,0.303,-0.423
1587,Conan the Barbarian (1982),1982,31,3.26,1.22,-0.058,0.303,-0.423
724,"Craft, The (1996)",1996,31,3.03,0.94,-0.058,0.303,-0.423
88163,"Crazy, Stupid, Love. (2011)",2011,31,3.98,0.60,-0.058,0.303,-0.423
135,Down Periscope (1996),1996,31,2.95,1.03,-0.058,0.303,-0.423
4446,Final Fantasy: The Spirits Within (2001),2001,31,3.35,0.83,-0.058,0.303,-0.423
1566,Hercules (1997),1997,31,3.45,1.04,-0.058,0.303,-0.423
2953,Home Alone 2: Lost in New York (1992),1992,31,2.52,1.36,-0.058,0.303,-0.423
3006,"Insider, The (1999)",1999,31,3.74,0.69,-0.058,0.303,-0.423
34319,"Island, The (2005)",2005,31,3.35,0.86,-0.058,0.303,-0.423
3386,JFK (1991),1991,31,3.50,0.87,-0.058,0.303,-0.423
97938,Life of Pi (2012),2012,31,3.63,1.01,-0.058,0.303,-0.423
272,"Madness of King George, The (1994)",1994,31,3.76,1.12,-0.058,0.303,-0.423
3256,Patriot Games (1992),1992,31,3.52,0.85,-0.058,0.303,-0.423
61024,Pineapple Express (2008),2008,31,3.68,0.84,-0.058,0.303,-0.423
5630,Red Dragon (2002),2002,31,3.44,1.13,-0.058,0.303,-0.423
2064,Roger & Me (1989),1989,31,3.84,1.05,-0.058,0.303,-0.423
4701,Rush Hour 2 (2001),2001,31,3.37,0.76,-0.058,0.303,-0.423
1717,Scream 2 (1997),1997,31,2.92,1.00,-0.058,0.303,-0.423
4890,Shallow Hal (2001),2001,31,3.03,0.87,-0.058,0.303,-0.423
108932,The Lego Movie (2014),2014,31,3.87,0.87,-0.058,0.303,-0.423
139385,The Revenant (2015),2015,31,3.90,1.05,-0.058,0.303,-0.423
1747,Wag the Dog (1997),1997,31,3.34,0.95,-0.058,0.303,-0.423
1805,Wild Things (1998),1998,31,3.02,1.04,-0.058,0.303,-0.423
95510,"Amazing Spider-Man, The (2012)",2012,30,3.25,1.20,-0.058,0.303,-0.423
7022,Battle Royale (Batoru rowaiaru) (2000),2000,30,3.93,0.84,-0.058,0.303,-0.423
95167,Brave (2012),2012,30,3.47,0.98,-0.058,0.303,-0.423
348,Bullets Over Broadway (1994),1994,30,3.58,1.12,-0.058,0.303,-0.423
2423,Christmas Vacation (National Lampoon's Christmas Vacation) (1989),1989,30,3.57,1.14,-0.058,0.303,-0.423
2871,Deliverance (1972),1972,30,3.90,0.64,-0.058,0.303,-0.423
838,Emma (1996),1996,30,3.92,0.88,-0.058,0.303,-0.423
2403,First Blood (Rambo: First Blood) (1982),1982,30,3.55,0.91,-0.058,0.303,-0.423
1271,Fried Green Tomatoes (1991),1991,30,3.50,0.81,-0.058,0.303,-0.423
84152,Limitless (2011),2011,30,3.95,0.67,-0.058,0.303,-0.423
1267,"Manchurian Candidate, The (1962)",1962,30,4.25,0.77,-0.058,0.303,-0.423
2058,"Negotiator, The (1998)",1998,30,3.35,1.08,-0.058,0.303,-0.423
2501,October Sky (1999),1999,30,3.75,0.80,-0.058,0.303,-0.423
5219,Resident Evil (2002),2002,30,3.08,0.90,-0.058,0.303,-0.423
915,Sabrina (1954),1954,30,3.77,0.84,-0.058,0.303,-0.423
1479,"Saint, The (1997)",1997,30,3.22,0.93,-0.058,0.303,-0.423
97921,Silver Linings Playbook (2012),2012,30,3.72,0.97,-0.058,0.303,-0.423
1373,Star Trek V: The Final Frontier (1989),1989,30,2.67,1.09,-0.058,0.303,-0.423
56757,Sweeney Todd: The Demon Barber of Fleet Street (2007),2007,30,3.72,0.86,-0.058,0.303,-0.423
204,Under Siege 2: Dark Territory (1995),1995,30,2.72,1.13,-0.058,0.303,-0.423
38038,Wallace & Gromit in The Curse of the Were-Rabbit (2005),2005,30,3.63,1.11,-0.058,0.303,-0.423
111362,X-Men: Days of Future Past (2014),2014,30,3.83,0.78,-0.058,0.303,-0.423
1269,Arsenic and Old Lace (1944),1944,29,3.88,0.92,-0.058,0.303,-0.423
2384,Babe: Pig in the City (1998),1998,29,2.78,1.30,-0.058,0.303,-0.423
647,Courage Under Fire (1996),1996,29,3.33,1.05,-0.058,0.303,-0.423
3825,Coyote Ugly (2000),2000,29,2.74,1.16,-0.058,0.303,-0.423
2722,Deep Blue Sea (1999),1999,29,2.78,0.98,-0.058,0.303,-0.423
1339,Dracula (Bram Stoker's Dracula) (1992),1992,29,3.47,0.89,-0.058,0.303,-0.423
3168,Easy Rider (1969),1969,29,3.60,0.88,-0.058,0.303,-0.423
106696,Frozen (2013),2013,29,3.62,1.10,-0.058,0.303,-0.423
3450,Grumpy Old Men (1993),1993,29,3.29,1.11,-0.058,0.303,-0.423
60074,Hancock (2008),2008,29,3.03,0.84,-0.058,0.303,-0.423
246,Hoop Dreams (1994),1994,29,4.29,0.76,-0.058,0.303,-0.423
6155,How to Lose a Guy in 10 Days (2003),2003,29,3.28,1.07,-0.058,0.303,-0.423
115149,John Wick (2014),2014,29,3.84,0.96,-0.058,0.303,-0.423
2421,"Karate Kid, Part II, The (1986)",1986,29,2.78,0.97,-0.058,0.303,-0.423
5444,Lilo & Stitch (2002),2002,29,3.81,0.77,-0.058,0.303,-0.423
1831,Lost in Space (1998),1998,29,2.45,1.02,-0.058,0.303,-0.423
94959,Moonrise Kingdom (2012),2012,29,3.78,0.92,-0.058,0.303,-0.423
898,"Philadelphia Story, The (1940)",1940,29,4.31,0.78,-0.058,0.303,-0.423
2411,Rocky IV (1985),1985,29,2.71,1.14,-0.058,0.303,-0.423
1513,Romy and Michele's High School Reunion (1997),1997,29,2.97,0.97,-0.058,0.303,-0.423
3273,Scream 3 (2000),2000,29,2.67,1.17,-0.058,0.303,-0.423
2485,She's All That (1999),1999,29,2.84,1.04,-0.058,0.303,-0.423
1061,Sleepers (1996),1996,29,3.67,0.83,-0.058,0.303,-0.423
743,Spy Hard (1996),1996,29,2.52,0.92,-0.058,0.303,-0.423
3745,Titan A.E. (2000),2000,29,3.41,0.68,-0.058,0.303,-0.423
74789,Alice in Wonderland (2010),2010,28,2.88,1.05,-0.058,0.303,-0.423
97304,Argo (2012),2012,28,3.98,0.87,-0.058,0.303,-0.423
3740,Big Trouble in Little China (1986),1986,28,3.86,0.87,-0.058,0.303,-0.423
2243,Broadcast News (1987),1987,28,3.43,0.99,-0.058,0.303,-0.423
115713,Ex Machina (2015),2015,28,3.91,1.18,-0.058,0.303,-0.423
4019,Finding Forrester (2000),2000,28,3.71,0.80,-0.058,0.303,-0.423
3186,"Girl, Interrupted (1999)",1999,28,3.46,0.77,-0.058,0.303,-0.423
2150,"Gods Must Be Crazy, The (1980)",1980,28,3.89,0.95,-0.058,0.303,-0.423
1223,"Grand Day Out with Wallace and Gromit, A (1989)",1989,28,4.09,1.09,-0.058,0.303,-0.423
1299,"Killing Fields, The (1984)",1984,28,4.02,1.08,-0.058,0.303,-0.423
273,Mary Shelley's Frankenstein (Frankenstein) (1994),1994,28,2.95,1.05,-0.058,0.303,-0.423
52,Mighty Aphrodite (1995),1995,28,3.46,0.87,-0.058,0.303,-0.423
45186,Mission: Impossible III (2006),2006,28,3.59,0.64,-0.058,0.303,-0.423
2788,Monty Python's And Now for Something Completely Different (1971),1971,28,4.05,0.71,-0.058,0.303,-0.423
968,Night of the Living Dead (1968),1968,28,3.75,1.14,-0.058,0.303,-0.423
24,Powder (1995),1995,28,3.13,1.01,-0.058,0.303,-0.423
1027,Robin Hood: Prince of Thieves (1991),1991,28,3.02,0.87,-0.058,0.303,-0.423
1077,Sleeper (1973),1973,28,3.75,0.71,-0.058,0.303,-0.423
4232,Spy Kids (2001),2001,28,2.95,1.15,-0.058,0.303,-0.423
60756,Step Brothers (2008),2008,28,3.55,0.91,-0.058,0.303,-0.423
198,Strange Days (1995),1995,28,3.25,0.93,-0.058,0.303,-0.423
5620,Sweet Home Alabama (2002),2002,28,3.05,1.09,-0.058,0.303,-0.423
46970,Talladega Nights: The Ballad of Ricky Bobby (2006),2006,28,3.25,0.89,-0.058,0.303,-0.423
56782,There Will Be Blood (2007),2007,28,4.14,0.80,-0.058,0.303,-0.423
82459,True Grit (2010),2010,28,3.75,0.97,-0.058,0.303,-0.423
2335,"Waterboy, The (1998)",1998,28,3.18,0.80,-0.058,0.303,-0.423
6787,All the President's Men (1976),1976,27,4.02,0.45,-0.058,0.303,-0.423
1499,Anaconda (1997),1997,27,1.93,1.10,-0.058,0.303,-0.423
1021,Angels in the Outfield (1994),1994,27,2.33,1.03,-0.058,0.303,-0.423
122900,Ant-Man (2015),2015,27,3.72,0.76,-0.058,0.303,-0.423
909,"Apartment, The (1960)",1960,27,3.96,0.96,-0.058,0.303,-0.423
122892,Avengers: Age of Ultron (2015),2015,27,3.52,1.07,-0.058,0.303,-0.423
3968,Bedazzled (2000),2000,27,3.07,0.73,-0.058,0.303,-0.423
1257,Better Off Dead... (1985),1985,27,3.69,0.97,-0.058,0.303,-0.423
6503,Charlie's Angels: Full Throttle (2003),2003,27,2.37,1.13,-0.058,0.303,-0.423
57368,Cloverfield (2008),2008,27,3.35,0.89,-0.058,0.303,-0.423
2232,Cube (1997),1997,27,3.43,1.12,-0.058,0.303,-0.423
5872,Die Another Day (2002),2002,27,2.93,1.01,-0.058,0.303,-0.423
3424,Do the Right Thing (1989),1989,27,4.04,0.81,-0.058,0.303,-0.423
80549,Easy A (2010),2010,27,3.80,0.79,-0.058,0.303,-0.423
4343,Evolution (2001),2001,27,3.04,0.81,-0.058,0.303,-0.423
3269,Forever Young (1992),1992,27,2.85,0.79,-0.058,0.303,-0.423
1293,Gandhi (1982),1982,27,3.83,0.96,-0.058,0.303,-0.423
741,Ghost in the Shell (Kôkaku kidôtai) (1995),1995,27,4.15,0.68,-0.058,0.303,-0.423
5013,Gosford Park (2001),2001,27,3.70,1.07,-0.058,0.303,-0.423
1179,"Grifters, The (1990)",1990,27,3.63,1.02,-0.058,0.303,-0.423
52281,Grindhouse (2007),2007,27,3.43,1.15,-0.058,0.303,-0.423
122918,Guardians of the Galaxy 2 (2017),2017,27,3.93,0.85,-0.058,0.303,-0.423
1982,Halloween (1978),1978,27,3.72,0.99,-0.058,0.303,-0.423
37733,"History of Violence, A (2005)",2005,27,3.50,0.87,-0.058,0.303,-0.423
880,"Island of Dr. Moreau, The (1996)",1996,27,2.74,0.99,-0.058,0.303,-0.423
2109,"Jerk, The (1979)",1979,27,3.37,0.83,-0.058,0.303,-0.423
3072,Moonstruck (1987),1987,27,3.56,1.08,-0.058,0.303,-0.423
8873,"Motorcycle Diaries, The (Diarios de motocicleta) (2004)",2004,27,3.80,0.81,-0.058,0.303,-0.423
1347,"Nightmare on Elm Street, A (1984)",1984,27,3.00,1.20,-0.058,0.303,-0.423
2431,Patch Adams (1998),1998,27,3.37,1.17,-0.058,0.303,-0.423
1120,"People vs. Larry Flynt, The (1996)",1996,27,3.54,0.54,-0.058,0.303,-0.423
4002,"Planes, Trains & Automobiles (1987)",1987,27,3.85,1.01,-0.058,0.303,-0.423
40629,Pride & Prejudice (2005),2005,27,3.56,1.14,-0.058,0.303,-0.423
4700,"Princess Diaries, The (2001)",2001,27,3.04,0.96,-0.058,0.303,-0.423
94864,Prometheus (2012),2012,27,3.30,1.01,-0.058,0.303,-0.423
88744,Rise of the Planet of the Apes (2011),2011,27,3.46,1.06,-0.058,0.303,-0.423
166528,Rogue One: A Star Wars Story (2016),2016,27,3.93,0.96,-0.058,0.303,-0.423
3252,Scent of a Woman (1992),1992,27,3.59,0.94,-0.058,0.303,-0.423
4901,Spy Game (2001),2001,27,3.48,0.74,-0.058,0.303,-0.423
102445,Star Trek Into Darkness (2013),2013,27,3.69,0.90,-0.058,0.303,-0.423
922,Sunset Blvd. (a.k.a. Sunset Boulevard) (1950),1950,27,4.33,0.67,-0.058,0.303,-0.423
720,Wallace & Gromit: The Best of Aardman Animation (1996),1996,27,4.09,1.23,-0.058,0.303,-0.423
3254,Wayne's World 2 (1993),1993,27,3.30,0.85,-0.058,0.303,-0.423
2478,¡Three Amigos! (1986),1986,26,3.13,0.94,-0.058,0.303,-0.423
2826,"13th Warrior, The (1999)",1999,26,2.90,1.00,-0.058,0.303,-0.423
93510,21 Jump Street (2012),2012,26,3.87,0.82,-0.058,0.303,-0.423
5945,About Schmidt (2002),2002,26,3.17,1.20,-0.058,0.303,-0.423
413,Airheads (1994),1994,26,2.79,0.94,-0.058,0.303,-0.423
164179,Arrival (2016),2016,26,3.98,0.74,-0.058,0.303,-0.423
6957,Bad Santa (2003),2003,26,3.37,1.18,-0.058,0.303,-0.423
148626,"Big Short, The (2015)",2015,26,3.96,0.81,-0.058,0.303,-0.423
112183,Birdman: Or (The Unexpected Virtue of Ignorance) (2014),2014,26,3.35,1.21,-0.058,0.303,-0.423
3264,Buffy the Vampire Slayer (1992),1992,26,2.42,0.95,-0.058,0.303,-0.423
3148,"Cider House Rules, The (1999)",1999,26,3.75,0.85,-0.058,0.303,-0.423
53519,Death Proof (2007),2007,26,3.13,1.28,-0.058,0.303,-0.423
2616,Dick Tracy (1990),1990,26,2.88,1.06,-0.058,0.303,-0.423
1235,Harold and Maude (1971),1971,26,4.29,0.71,-0.058,0.303,-0.423
1614,In & Out (1997),1997,26,2.79,1.16,-0.058,0.303,-0.423
3476,Jacob's Ladder (1990),1990,26,3.56,1.12,-0.058,0.303,-0.423
1960,"Last Emperor, The (1987)",1987,26,3.69,0.84,-0.058,0.303,-0.423
4128,"Lost Boys, The (1987)",1987,26,3.71,1.00,-0.058,0.303,-0.423
2082,"Mighty Ducks, The (1992)",1992,26,2.65,0.94,-0.058,0.303,-0.423
89492,Moneyball (2011),2011,26,3.88,0.83,-0.058,0.303,-0.423
3638,Moonraker (1979),1979,26,3.13,1.03,-0.058,0.303,-0.423
107,Muppet Treasure Island (1996),1996,26,3.33,0.93,-0.058,0.303,-0.423
3869,"Naked Gun 2 1/2: The Smell of Fear, The (1991)",1991,26,3.42,0.97,-0.058,0.303,-0.423
2795,National Lampoon's Vacation (1983),1983,26,3.65,0.82,-0.058,0.303,-0.423
3969,Pay It Forward (2000),2000,26,3.44,1.19,-0.058,0.303,-0.423
1476,Private Parts (1997),1997,26,3.54,0.97,-0.058,0.303,-0.423
2409,Rocky II (1979),1979,26,3.19,1.10,-0.058,0.303,-0.423
916,Roman Holiday (1953),1953,26,4.06,0.79,-0.058,0.303,-0.423
4388,Scary Movie 2 (2001),2001,26,2.65,1.16,-0.058,0.303,-0.423
1591,Spawn (1997),1997,26,2.63,1.12,-0.058,0.303,-0.423
106487,The Hunger Games: Catching Fire (2013),2013,26,3.63,0.89,-0.058,0.303,-0.423
5574,"Transporter, The (2002)",2002,26,3.52,0.81,-0.058,0.303,-0.423
8783,"Village, The (2004)",2004,26,3.19,0.93,-0.058,0.303,-0.423
3556,"Virgin Suicides, The (1999)",1999,26,3.77,0.90,-0.058,0.303,-0.423
2359,Waking Ned Devine (a.k.a. Waking Ned) (1998),1998,26,3.67,0.86,-0.058,0.303,-0.423
68319,X-Men Origins: Wolverine (2009),2009,26,2.87,0.96,-0.058,0.303,-0.423
53953,1408 (2007),2007,25,3.16,1.13,-0.058,0.303,-0.423
6953,21 Grams (2003),2003,25,3.30,0.82,-0.058,0.303,-0.423
3534,28 Days (2000),2000,25,3.30,0.85,-0.058,0.303,-0.423
54997,3:10 to Yuma (2007),2007,25,4.06,0.77,-0.058,0.303,-0.423
2352,"Big Chill, The (1983)",1983,25,3.84,0.81,-0.058,0.303,-0.423
3005,"Bone Collector, The (1999)",1999,25,2.84,1.15,-0.058,0.303,-0.423
1343,Cape Fear (1991),1991,25,3.78,0.69,-0.058,0.303,-0.423
2020,Dangerous Liaisons (1988),1988,25,4.00,0.95,-0.058,0.303,-0.423
1253,"Day the Earth Stood Still, The (1951)",1951,25,3.82,0.75,-0.058,0.303,-0.423
1086,Dial M for Murder (1954),1954,25,4.10,0.54,-0.058,0.303,-0.423
1590,Event Horizon (1997),1997,25,2.94,1.02,-0.058,0.303,-0.423
2872,Excalibur (1981),1981,25,3.64,1.02,-0.058,0.303,-0.423
67255,"Girl with the Dragon Tattoo, The (Män som hatar kvinnor) (2009)",2009,25,3.94,0.85,-0.058,0.303,-0.423
106920,Her (2013),2013,25,3.92,0.96,-0.058,0.303,-0.423
106489,"Hobbit: The Desolation of Smaug, The (2013)",2013,25,3.58,1.06,-0.058,0.303,-0.423
8983,House of Flying Daggers (Shi mian mai fu) (2004),2004,25,3.52,0.64,-0.058,0.303,-0.423
475,In the Name of the Father (1993),1993,25,4.30,0.63,-0.058,0.303,-0.423
2366,King Kong (1933),1933,25,3.64,0.99,-0.058,0.303,-0.423
27706,Lemony Snicket's A Series of Unfortunate Events (2004),2004,25,3.16,0.80,-0.058,0.303,-0.423
168252,Logan (2017),2017,25,4.28,0.65,-0.058,0.303,-0.423
1801,"Man in the Iron Mask, The (1998)",1998,25,3.50,0.83,-0.058,0.303,-0.423
86882,Midnight in Paris (2011),2011,25,3.56,0.93,-0.058,0.303,-0.423
3462,Modern Times (1936),1936,25,3.72,0.82,-0.058,0.303,-0.423
3608,Pee-wee's Big Adventure (1985),1985,25,2.94,1.23,-0.058,0.303,-0.423
2394,"Prince of Egypt, The (1998)",1998,25,3.50,0.95,-0.058,0.303,-0.423
2598,Pushing Tin (1999),1999,25,2.84,1.04,-0.058,0.303,-0.423
374,Richie Rich (1994),1994,25,2.20,1.22,-0.058,0.303,-0.423
2986,RoboCop 2 (1990),1990,25,2.64,1.19,-0.058,0.303,-0.423
5617,Secretary (2002),2002,25,3.90,0.78,-0.058,0.303,-0.423
4823,Serendipity (2001),2001,25,3.14,1.09,-0.058,0.303,-0.423
51935,Shooter (2007),2007,25,3.86,0.70,-0.058,0.303,-0.423
1680,Sliding Doors (1998),1998,25,3.60,0.90,-0.058,0.303,-0.423
2186,Strangers on a Train (1951),1951,25,3.98,0.97,-0.058,0.303,-0.423
46530,Superman Returns (2006),2006,25,3.08,1.00,-0.058,0.303,-0.423
1025,"Sword in the Stone, The (1963)",1963,25,3.58,0.80,-0.058,0.303,-0.423
3438,Teenage Mutant Ninja Turtles (1990),1990,25,3.00,1.09,-0.058,0.303,-0.423
3798,What Lies Beneath (2000),2000,25,3.20,1.01,-0.058,0.303,-0.423
1378,Young Guns (1988),1988,25,3.10,1.06,-0.058,0.303,-0.423
926,All About Eve (1950),1950,24,4.23,0.88,-0.058,0.303,-0.423
7173,Along Came Polly (2004),2004,24,3.04,0.98,-0.058,0.303,-0.423
1031,Bedknobs and Broomsticks (1971),1971,24,3.48,0.99,-0.058,0.303,-0.423
215,Before Sunrise (1995),1995,24,4.04,1.00,-0.058,0.303,-0.423
1883,Bulworth (1998),1998,24,3.27,1.27,-0.058,0.303,-0.423
4489,Coming to America (1988),1988,24,3.46,0.76,-0.058,0.303,-0.423
2471,Crocodile Dundee II (1988),1988,24,2.48,1.28,-0.058,0.303,-0.423
1438,Dante's Peak (1997),1997,24,2.63,0.99,-0.058,0.303,-0.423
2369,Desperately Seeking Susan (1985),1985,24,2.67,0.80,-0.058,0.303,-0.423
230,Dolores Claiborne (1995),1995,24,3.40,0.75,-0.058,0.303,-0.423
66934,Dr. Horrible's Sing-Along Blog (2008),2008,24,3.92,1.01,-0.058,0.303,-0.423
2371,Fletch (1985),1985,24,3.08,1.07,-0.058,0.303,-0.423
2046,Flight of the Navigator (1986),1986,24,3.21,0.83,-0.058,0.303,-0.423
6593,Freaky Friday (2003),2003,24,3.21,0.66,-0.058,0.303,-0.423
49286,"Holiday, The (2006)",2006,24,3.21,1.11,-0.058,0.303,-0.423
87869,Horrible Bosses (2011),2011,24,3.44,0.97,-0.058,0.303,-0.423
2108,L.A. Story (1991),1991,24,3.48,0.88,-0.058,0.303,-0.423
6350,Laputa: Castle in the Sky (Tenkû no shiro Rapyuta) (1986),1986,24,4.06,0.73,-0.058,0.303,-0.423
1037,"Lawnmower Man, The (1992)",1992,24,2.77,0.94,-0.058,0.303,-0.423
3037,Little Big Man (1970),1970,24,4.15,1.04,-0.058,0.303,-0.423
3979,Little Nicky (2000),2000,24,2.50,0.92,-0.058,0.303,-0.423
2528,Logan's Run (1976),1976,24,3.23,0.74,-0.058,0.303,-0.423
3704,Mad Max Beyond Thunderdome (1985),1985,24,3.27,0.90,-0.058,0.303,-0.423
1711,Midnight in the Garden of Good and Evil (1997),1997,24,3.10,1.29,-0.058,0.303,-0.423
56775,National Treasure: Book of Secrets (2007),2007,24,3.04,0.92,-0.058,0.303,-0.423
3098,"Natural, The (1984)",1984,24,3.65,0.70,-0.058,0.303,-0.423
1945,On the Waterfront (1954),1954,24,4.19,0.95,-0.058,0.303,-0.423
86880,Pirates of the Caribbean: On Stranger Tides (2011),2011,24,3.23,1.09,-0.058,0.303,-0.423
515,"Remains of the Day, The (1993)",1993,24,3.60,1.01,-0.058,0.303,-0.423
1125,"Return of the Pink Panther, The (1975)",1975,24,3.69,0.84,-0.058,0.303,-0.423
2410,Rocky III (1982),1982,24,2.73,0.97,-0.058,0.303,-0.423
5103,"Sandlot, The (1993)",1993,24,3.44,1.15,-0.058,0.303,-0.423
3087,Scrooged (1988),1988,24,3.17,1.06,-0.058,0.303,-0.423
531,"Secret Garden, The (1993)",1993,24,3.25,0.91,-0.058,0.303,-0.423
1357,Shine (1996),1996,24,4.00,0.96,-0.058,0.303,-0.423
5110,Super Troopers (2001),2001,24,3.60,1.01,-0.058,0.303,-0.423
81847,Tangled (2010),2010,24,3.92,0.95,-0.058,0.303,-0.423
2687,Tarzan (1999),1999,24,3.46,0.99,-0.058,0.303,-0.423
1212,"Third Man, The (1949)",1949,24,4.23,0.98,-0.058,0.303,-0.423
307,Three Colors: Blue (Trois couleurs: Bleu) (1993),1993,24,3.90,1.15,-0.058,0.303,-0.423
2993,Thunderball (1965),1965,24,3.48,0.70,-0.058,0.303,-0.423
1385,Under Siege (1992),1992,24,2.85,1.06,-0.058,0.303,-0.423
7454,Van Helsing (2004),2004,24,2.71,0.78,-0.058,0.303,-0.423
1449,Waiting for Guffman (1996),1996,24,3.88,0.82,-0.058,0.303,-0.423
5507,xXx (2002),2002,24,2.77,0.97,-0.058,0.303,-0.423
1321,"American Werewolf in London, An (1981)",1981,23,3.41,0.91,-0.058,0.303,-0.423
4235,Amores Perros (Love's a Bitch) (2000),2000,23,3.93,0.90,-0.058,0.303,-0.423
3107,Backdraft (1991),1991,23,3.30,1.08,-0.058,0.303,-0.423
2496,Blast from the Past (1999),1999,23,3.11,0.88,-0.058,0.303,-0.423
101,Bottle Rocket (1996),1996,23,3.78,1.04,-0.058,0.303,-0.423
866,Bound (1996),1996,23,4.00,0.78,-0.058,0.303,-0.423
105,"Bridges of Madison County, The (1995)",1995,23,3.28,0.85,-0.058,0.303,-0.423
37741,Capote (2005),2005,23,3.87,0.61,-0.058,0.303,-0.423
8371,"Chronicles of Riddick, The (2004)",2004,23,3.30,0.99,-0.058,0.303,-0.423
45672,Click (2006),2006,23,2.98,1.09,-0.058,0.303,-0.423
1962,Driving Miss Daisy (1989),1989,23,3.74,0.93,-0.058,0.303,-0.423
1256,Duck Soup (1933),1933,23,3.80,1.15,-0.058,0.303,-0.423
2336,Elizabeth (1998),1998,23,3.67,0.95,-0.058,0.303,-0.423
2428,"Faculty, The (1998)",1998,23,2.48,0.95,-0.058,0.303,-0.423
4023,"Family Man, The (2000)",2000,23,3.13,1.06,-0.058,0.303,-0.423
81932,"Fighter, The (2010)",2010,23,3.76,0.74,-0.058,0.303,-0.423
799,"Frighteners, The (1996)",1996,23,3.46,0.94,-0.058,0.303,-0.423
7323,"Good bye, Lenin! (2003)",2003,23,3.80,0.91,-0.058,0.303,-0.423
2052,Hocus Pocus (1993),1993,23,2.76,1.08,-0.058,0.303,-0.423
44022,Ice Age 2: The Meltdown (2006),2006,23,3.22,0.85,-0.058,0.303,-0.423
117529,Jurassic World (2015),2015,23,3.26,0.82,-0.058,0.303,-0.423
2991,Live and Let Die (1973),1973,23,3.70,0.75,-0.058,0.303,-0.423
4161,"Mexican, The (2001)",2001,23,3.35,0.70,-0.058,0.303,-0.423
1409,Michael (1996),1996,23,2.50,1.10,-0.058,0.303,-0.423
2805,Mickey Blue Eyes (1999),1999,23,3.00,0.87,-0.058,0.303,-0.423
7099,Nausicaä of the Valley of the Wind (Kaze no tani no Naushika) (1984),1984,23,4.00,1.04,-0.058,0.303,-0.423
46972,Night at the Museum (2006),2006,23,3.24,0.89,-0.058,0.303,-0.423
1298,Pink Floyd: The Wall (1982),1982,23,3.76,1.05,-0.058,0.303,-0.423
1186,"Sex, Lies, and Videotape (1989)",1989,23,3.59,1.22,-0.058,0.303,-0.423
3827,Space Cowboys (2000),2000,23,2.89,0.81,-0.058,0.303,-0.423
1779,Sphere (1998),1998,23,2.76,0.92,-0.058,0.303,-0.423
2840,Stigmata (1999),1999,23,2.87,1.05,-0.058,0.303,-0.423
116823,The Hunger Games: Mockingjay - Part 1 (2014),2014,23,3.87,0.64,-0.058,0.303,-0.423
933,To Catch a Thief (1955),1955,23,4.22,0.84,-0.058,0.303,-0.423
1792,U.S. Marshals (1998),1998,23,3.02,1.07,-0.058,0.303,-0.423
562,Welcome to the Dollhouse (1995),1995,23,3.54,0.92,-0.058,0.303,-0.423
5954,25th Hour (2002),2002,22,3.84,0.54,-0.058,0.303,-0.423
2707,Arlington Road (1999),1999,22,3.27,0.96,-0.058,0.303,-0.423
748,"Arrival, The (1996)",1996,22,3.11,0.94,-0.058,0.303,-0.423
3105,Awakenings (1990),1990,22,3.68,0.65,-0.058,0.303,-0.423
93840,"Cabin in the Woods, The (2012)",2012,22,4.02,0.97,-0.058,0.303,-0.423
122920,Captain America: Civil War (2016),2016,22,3.61,0.84,-0.058,0.303,-0.423
122922,Doctor Strange (2016),2016,22,3.70,0.93,-0.058,0.303,-0.423
227,Drop Zone (1994),1994,22,2.86,1.04,-0.058,0.303,-0.423
468,"Englishman Who Went Up a Hill But Came Down a Mountain, The (1995)",1995,22,3.20,0.84,-0.058,0.303,-0.423
4105,"Evil Dead, The (1981)",1981,22,3.82,0.85,-0.058,0.303,-0.423
2600,eXistenZ (1999),1999,22,3.86,0.80,-0.058,0.303,-0.423
237,Forget Paris (1995),1995,22,3.34,1.04,-0.058,0.303,-0.423
1586,G.I. Jane (1997),1997,22,2.80,0.88,-0.058,0.303,-0.423
3360,Hoosiers (a.k.a. Best Shot) (1986),1986,22,3.70,0.81,-0.058,0.303,-0.423
6323,Identity (2003),2003,22,3.68,0.80,-0.058,0.303,-0.423
103042,Man of Steel (2013),2013,22,3.30,0.73,-0.058,0.303,-0.423
1952,Midnight Cowboy (1969),1969,22,3.95,1.06,-0.058,0.303,-0.423
3104,Midnight Run (1988),1988,22,3.64,0.82,-0.058,0.303,-0.423
276,Milk Money (1994),1994,22,3.25,0.81,-0.058,0.303,-0.423
91630,Mission: Impossible - Ghost Protocol (2011),2011,22,3.66,0.73,-0.058,0.303,-0.423
5449,Mr. Deeds (2002),2002,22,2.91,0.83,-0.058,0.303,-0.423
5283,National Lampoon's Van Wilder (2002),2002,22,2.91,0.95,-0.058,0.303,-0.423
3504,Network (1976),1976,22,4.02,0.96,-0.058,0.303,-0.423
102903,Now You See Me (2013),2013,22,3.41,1.25,-0.058,0.303,-0.423
1350,"Omen, The (1976)",1976,22,3.82,0.75,-0.058,0.303,-0.423
54995,Planet Terror (2007),2007,22,3.80,1.08,-0.058,0.303,-0.423
2378,Police Academy (1984),1984,22,3.02,1.07,-0.058,0.303,-0.423
1231,"Right Stuff, The (1983)",1983,22,3.86,1.03,-0.058,0.303,-0.423
3100,"River Runs Through It, A (1992)",1992,22,3.93,0.84,-0.058,0.303,-0.423
27904,"Scanner Darkly, A (2006)",2006,22,3.61,0.95,-0.058,0.303,-0.423
2391,"Simple Plan, A (1998)",1998,22,3.80,0.84,-0.058,0.303,-0.423
2096,Sleeping Beauty (1959),1959,22,3.41,0.65,-0.058,0.303,-0.423
1188,Strictly Ballroom (1992),1992,22,3.66,1.26,-0.058,0.303,-0.423
2642,Superman III (1983),1983,22,2.25,0.88,-0.058,0.303,-0.423
1958,Terms of Endearment (1983),1983,22,3.80,0.93,-0.058,0.303,-0.423
5313,The Scorpion King (2002),2002,22,2.30,1.15,-0.058,0.303,-0.423
5171,"Time Machine, The (2002)",2002,22,2.86,0.88,-0.058,0.303,-0.423
203,"To Wong Foo, Thanks for Everything! Julie Newmar (1995)",1995,22,3.43,0.79,-0.058,0.303,-0.423
80489,"Town, The (2010)",2010,22,3.95,0.46,-0.058,0.303,-0.423
6773,"Triplets of Belleville, The (Les triplettes de Belleville) (2003)",2003,22,3.70,0.59,-0.058,0.303,-0.423
63992,Twilight (2008),2008,22,2.41,1.24,-0.058,0.303,-0.423
60072,Wanted (2008),2008,22,3.16,0.90,-0.058,0.303,-0.423
4069,"Wedding Planner, The (2001)",2001,22,2.91,1.00,-0.058,0.303,-0.423
2134,Weird Science (1985),1985,22,3.11,0.86,-0.058,0.303,-0.423
3263,White Men Can't Jump (1992),1992,22,3.05,0.96,-0.058,0.303,-0.423
3317,Wonder Boys (2000),2000,22,3.66,0.82,-0.058,0.303,-0.423
2245,Working Girl (1988),1988,22,3.20,0.80,-0.058,0.303,-0.423
97913,Wreck-It Ralph (2012),2012,22,3.75,0.81,-0.058,0.303,-0.423
7444,13 Going on 30 (2004),2004,21,3.19,0.64,-0.058,0.303,-0.423
72378,2012 (2009),2009,21,2.62,1.13,-0.058,0.303,-0.423
53000,28 Weeks Later (2007),2007,21,3.60,0.90,-0.058,0.303,-0.423
84954,"Adjustment Bureau, The (2011)",2011,21,3.17,0.95,-0.058,0.303,-0.423
3070,"Adventures of Buckaroo Banzai Across the 8th Dimension, The (1984)",1984,21,3.55,0.99,-0.058,0.303,-0.423
37386,Aeon Flux (2005),2005,21,2.76,0.92,-0.058,0.303,-0.423
5225,And Your Mother Too (Y tu mamá también) (2001),2001,21,3.95,0.82,-0.058,0.303,-0.423
3298,Boiler Room (2000),2000,21,3.71,0.62,-0.058,0.303,-0.423
86833,Bridesmaids (2011),2011,21,3.76,0.93,-0.058,0.303,-0.423
34437,Broken Flowers (2005),2005,21,3.48,0.58,-0.058,0.303,-0.423
105504,Captain Phillips (2013),2013,21,4.05,0.69,-0.058,0.303,-0.423
2137,Charlotte's Web (1973),1973,21,3.55,0.99,-0.058,0.303,-0.423
55269,"Darjeeling Limited, The (2007)",2007,21,3.43,0.75,-0.058,0.303,-0.423
1175,Delicatessen (1991),1991,21,3.83,0.86,-0.058,0.303,-0.423
3984,Diamonds Are Forever (1971),1971,21,3.50,0.67,-0.058,0.303,-0.423
2067,Doctor Zhivago (1965),1965,21,4.14,0.71,-0.058,0.303,-0.423
2125,Ever After: A Cinderella Story (1998),1998,21,3.62,0.85,-0.058,0.303,-0.423
830,"First Wives Club, The (1996)",1996,21,3.07,1.08,-0.058,0.303,-0.423
2989,For Your Eyes Only (1981),1981,21,3.55,0.95,-0.058,0.303,-0.423
1049,"Ghost and the Darkness, The (1996)",1996,21,3.48,1.02,-0.058,0.303,-0.423
247,Heavenly Creatures (1994),1994,21,3.93,0.76,-0.058,0.303,-0.423
88810,"Help, The (2011)",2011,21,3.83,0.62,-0.058,0.303,-0.423
8910,I Heart Huckabees (2004),2004,21,3.45,1.00,-0.058,0.303,-0.423
2720,Inspector Gadget (1999),1999,21,2.10,1.17,-0.058,0.303,-0.423
2405,"Jewel of the Nile, The (1985)",1985,21,2.81,0.81,-0.058,0.303,-0.423
4247,Joe Dirt (2001),2001,21,2.38,0.91,-0.058,0.303,-0.423
3536,Keeping the Faith (2000),2000,21,3.45,0.89,-0.058,0.303,-0.423
262,"Little Princess, A (1995)",1995,21,3.90,0.62,-0.058,0.303,-0.423
2010,Metropolis (1927),1927,21,3.86,0.73,-0.058,0.303,-0.423
3354,Mission to Mars (2000),2000,21,2.69,1.01,-0.058,0.303,-0.423
2375,"Money Pit, The (1986)",1986,21,2.93,1.11,-0.058,0.303,-0.423
707,Mulholland Falls (1996),1996,21,2.88,1.00,-0.058,0.303,-0.423
41997,Munich (2005),2005,21,3.81,0.77,-0.058,0.303,-0.423
79592,"Other Guys, The (2010)",2010,21,3.26,0.98,-0.058,0.303,-0.423
371,"Paper, The (1994)",1994,21,3.31,0.81,-0.058,0.303,-0.423
2013,"Poseidon Adventure, The (1972)",1972,21,3.10,1.06,-0.058,0.303,-0.423
3697,Predator 2 (1990),1990,21,2.90,1.08,-0.058,0.303,-0.423
372,Reality Bites (1994),1994,21,2.76,1.10,-0.058,0.303,-0.423
1965,Repo Man (1984),1984,21,3.38,0.99,-0.058,0.303,-0.423
519,RoboCop 3 (1993),1993,21,2.40,1.11,-0.058,0.303,-0.423
2139,"Secret of NIMH, The (1982)",1982,21,3.48,0.73,-0.058,0.303,-0.423
53121,Shrek the Third (2007),2007,21,3.02,1.04,-0.058,0.303,-0.423
107406,Snowpiercer (2013),2013,21,3.43,1.06,-0.058,0.303,-0.423
7325,Starsky & Hutch (2004),2004,21,3.29,0.80,-0.058,0.303,-0.423
87306,Super 8 (2011),2011,21,3.60,0.87,-0.058,0.303,-0.423
546,Super Mario Bros. (1993),1993,21,2.00,0.95,-0.058,0.303,-0.423
95441,Ted (2012),2012,21,3.29,0.98,-0.058,0.303,-0.423
106072,Thor: The Dark World (2013),2013,21,3.31,0.78,-0.058,0.303,-0.423
379,Timecop (1994),1994,21,2.50,0.95,-0.058,0.303,-0.423
2376,"View to a Kill, A (1985)",1985,21,3.21,0.86,-0.058,0.303,-0.423
207,"Walk in the Clouds, A (1995)",1995,21,3.43,1.09,-0.058,0.303,-0.423
6979,WarGames (1983),1983,21,3.31,0.77,-0.058,0.303,-0.423
104211,We're the Millers (2013),2013,21,3.74,0.86,-0.058,0.303,-0.423
1091,Weekend at Bernie's (1989),1989,21,2.55,1.07,-0.058,0.303,-0.423
383,Wyatt Earp (1994),1994,21,3.10,1.04,-0.058,0.303,-0.423
62434,Zack and Miri Make a Porno (2008),2008,21,3.52,0.87,-0.058,0.303,-0.423
56949,27 Dresses (2008),2008,20,3.30,0.94,-0.058,0.303,-0.423
3986,"6th Day, The (2000)",2000,20,2.80,0.99,-0.058,0.303,-0.423
2133,Adventures in Babysitting (1987),1987,20,3.33,0.99,-0.058,0.303,-0.423
1688,Anastasia (1997),1997,20,3.35,0.69,-0.058,0.303,-0.423
27660,"Animatrix, The (2003)",2003,20,3.70,0.86,-0.058,0.303,-0.423
737,Barb Wire (1996),1996,20,2.65,1.40,-0.058,0.303,-0.423
4958,Behind Enemy Lines (2001),2001,20,3.25,0.70,-0.058,0.303,-0.423
1292,Being There (1979),1979,20,3.95,0.89,-0.058,0.303,-0.423
419,"Beverly Hillbillies, The (1993)",1993,20,2.68,1.21,-0.058,0.303,-0.423
4980,Bill & Ted's Bogus Journey (1991),1991,20,3.08,0.82,-0.058,0.303,-0.423
8969,Bridget Jones: The Edge of Reason (2004),2004,20,3.03,0.91,-0.058,0.303,-0.423
36401,"Brothers Grimm, The (2005)",2005,20,2.63,1.00,-0.058,0.303,-0.423
6283,Cowboy Bebop: The Movie (Cowboy Bebop: Tengoku no Tobira) (2001),2001,20,3.90,0.74,-0.058,0.303,-0.423
3910,Dancer in the Dark (2000),2000,20,3.98,0.98,-0.058,0.303,-0.423
7387,Dawn of the Dead (1978),1978,20,3.98,1.01,-0.058,0.303,-0.423
49278,Déjà Vu (Deja Vu) (2006),2006,20,3.30,0.82,-0.058,0.303,-0.423
4855,Dirty Harry (1971),1971,20,3.78,0.68,-0.058,0.303,-0.423
7371,Dogville (2003),2003,20,4.03,0.91,-0.058,0.303,-0.423
31410,"Downfall (Untergang, Der) (2004)",2004,20,3.88,0.94,-0.058,0.303,-0.423
53464,Fantastic Four: Rise of the Silver Surfer (2007),2007,20,2.58,0.67,-0.058,0.303,-0.423
1429,First Strike (Police Story 4: First Strike) (Ging chaat goo si 4: Ji gaan daan yam mo) (1996),1996,20,3.58,0.80,-0.058,0.303,-0.423
18,Four Rooms (1995),1995,20,3.70,0.91,-0.058,0.303,-0.423
1033,"Fox and the Hound, The (1981)",1981,20,3.58,0.65,-0.058,0.303,-0.423
69,Friday (1995),1995,20,3.78,0.90,-0.058,0.303,-0.423
88405,Friends with Benefits (2011),2011,20,3.05,1.02,-0.058,0.303,-0.423
4865,From Hell (2001),2001,20,3.65,0.92,-0.058,0.303,-0.423
1588,George of the Jungle (1997),1997,20,3.08,0.86,-0.058,0.303,-0.423
7346,"Girl Next Door, The (2004)",2004,20,3.13,1.11,-0.058,0.303,-0.423
55290,Gone Baby Gone (2007),2007,20,3.45,1.02,-0.058,0.303,-0.423
39292,"Good Night, and Good Luck. (2005)",2005,20,3.78,0.60,-0.058,0.303,-0.423
102407,"Great Gatsby, The (2013)",2013,20,3.38,0.83,-0.058,0.303,-0.423
6297,Holes (2003),2003,20,3.43,0.63,-0.058,0.303,-0.423
1015,Homeward Bound: The Incredible Journey (1993),1993,20,2.95,0.93,-0.058,0.303,-0.423
2053,"Honey, I Blew Up the Kid (1992)",1992,20,2.05,0.89,-0.058,0.303,-0.423
6873,Intolerable Cruelty (2003),2003,20,3.18,0.98,-0.058,0.303,-0.423
175,Kids (1995),1995,20,3.98,0.75,-0.058,0.303,-0.423
48738,"Last King of Scotland, The (2006)",2006,20,3.98,0.91,-0.058,0.303,-0.423
2990,Licence to Kill (1989),1989,20,3.33,0.96,-0.058,0.303,-0.423
4623,Major League (1989),1989,20,3.58,0.77,-0.058,0.303,-0.423
2340,Meet Joe Black (1998),1998,20,3.05,1.19,-0.058,0.303,-0.423
81564,Megamind (2010),2010,20,3.60,0.90,-0.058,0.303,-0.423
1245,Miller's Crossing (1990),1990,20,4.23,0.70,-0.058,0.303,-0.423
930,Notorious (1946),1946,20,4.25,0.53,-0.058,0.303,-0.423
101864,Oblivion (2013),2013,20,3.30,1.11,-0.058,0.303,-0.423
1616,"Peacemaker, The (1997)",1997,20,3.03,1.14,-0.058,0.303,-0.423
96821,"Perks of Being a Wallflower, The (2012)",2012,20,3.83,0.99,-0.058,0.303,-0.423
96588,Pitch Perfect (2012),2012,20,3.63,0.87,-0.058,0.303,-0.423
1297,Real Genius (1985),1985,20,3.68,0.85,-0.058,0.303,-0.423
81229,Red (2010),2010,20,3.50,0.76,-0.058,0.303,-0.423
63131,Role Models (2008),2008,20,3.63,0.72,-0.058,0.303,-0.423
6888,Scary Movie 3 (2003),2003,20,2.28,1.31,-0.058,0.303,-0.423
4448,"Score, The (2001)",2001,20,3.55,0.65,-0.058,0.303,-0.423
106918,"Secret Life of Walter Mitty, The (2013)",2013,20,4.00,0.73,-0.058,0.303,-0.423
319,Shallow Grave (1994),1994,20,3.60,1.23,-0.058,0.303,-0.423
4545,Short Circuit (1986),1986,20,3.28,1.01,-0.058,0.303,-0.423
5881,Solaris (2002),2002,20,3.08,1.17,-0.058,0.303,-0.423
1104,"Streetcar Named Desire, A (1951)",1951,20,4.48,0.66,-0.058,0.303,-0.423
122916,Thor: Ragnarok (2017),2017,20,4.03,0.98,-0.058,0.303,-0.423
308,Three Colors: White (Trzy kolory: Bialy) (1994),1994,20,4.03,0.80,-0.058,0.303,-0.423
2253,Toys (1992),1992,20,2.38,0.93,-0.058,0.303,-0.423
69526,Transformers: Revenge of the Fallen (2009),2009,20,2.43,1.00,-0.058,0.303,-0.423
4007,Wall Street (1987),1987,20,3.75,0.70,-0.058,0.303,-0.423
